Workbook

Sheet 6월 종합
A2: 📊 2026년 6월 매출 종합 대시보드
A5: 날짜 | B5: 카드 매출 (KRW) | C5: 현금 매출 (KRW) | D5: 일일 총 합계 (KRW) | E5: 고객수
A6: 6월 1일 | B6: ='6월1일'!I27 -> 0 | C6: ='6월1일'!J27 -> 0 | D6: ='6월1일'!L26 -> 0 | E6: =COUNTA('6월1일'!B6:B25)+COUNTA('6월1일'!H6:H25) -> 0
A7: 6월 2일 | B7: ='6월2일'!I27 -> 0 | C7: ='6월2일'!J27 -> 0 | D7: ='6월2일'!L26 -> 0 | E7: =COUNTA('6월2일'!B6:B25)+COUNTA('6월2일'!H6:H25) -> 0
A8: 6월 3일 | B8: ='6월3일'!I27 -> 0 | C8: ='6월3일'!J27 -> 0 | D8: ='6월3일'!L26 -> 0 | E8: =COUNTA('6월3일'!B6:B25)+COUNTA('6월3일'!H6:H25) -> 0
A9: 6월 4일 | B9: ='6월4일'!I27 -> 0 | C9: ='6월4일'!J27 -> 0 | D9: ='6월4일'!L26 -> 0 | E9: =COUNTA('6월4일'!B6:B25)+COUNTA('6월4일'!H6:H25) -> 0
A10: 6월 5일 | B10: ='6월5일'!I27 -> 0 | C10: ='6월5일'!J27 -> 0 | D10: ='6월5일'!L26 -> 0 | E10: =COUNTA('6월5일'!B6:B25)+COUNTA('6월5일'!H6:H25) -> 0
A11: 6월 6일 | B11: ='6월6일'!I27 -> 0 | C11: ='6월6일'!J27 -> 0 | D11: ='6월6일'!L26 -> 0 | E11: =COUNTA('6월6일'!B6:B25)+COUNTA('6월6일'!H6:H25) -> 0
A12: 6월 7일 | B12: ='6월7일'!I27 -> 0 | C12: ='6월7일'!J27 -> 0 | D12: ='6월7일'!L26 -> 0 | E12: =COUNTA('6월7일'!B6:B25)+COUNTA('6월7일'!H6:H25) -> 0
A13: 6월 8일 | B13: ='6월8일'!I27 -> 0 | C13: ='6월8일'!J27 -> 0 | D13: ='6월8일'!L26 -> 0 | E13: =COUNTA('6월8일'!B6:B25)+COUNTA('6월8일'!H6:H25) -> 0
A14: 6월 9일 | B14: ='6월9일'!I27 -> 0 | C14: ='6월9일'!J27 -> 0 | D14: ='6월9일'!L26 -> 0 | E14: =COUNTA('6월9일'!B6:B25)+COUNTA('6월9일'!H6:H25) -> 0
A15: 6월 10일 | B15: ='6월10일'!I27 -> 0 | C15: ='6월10일'!J27 -> 0 | D15: ='6월10일'!L26 -> 0 | E15: =COUNTA('6월10일'!B6:B25)+COUNTA('6월10일'!H6:H25) -> 0
A16: 6월 11일 | B16: ='6월11일'!I27 -> 0 | C16: ='6월11일'!J27 -> 0 | D16: ='6월11일'!L26 -> 0 | E16: =COUNTA('6월11일'!B6:B25)+COUNTA('6월11일'!H6:H25) -> 0
A17: 6월 12일 | B17: ='6월12일'!I27 -> 0 | C17: ='6월12일'!J27 -> 0 | D17: ='6월12일'!L26 -> 0 | E17: =COUNTA('6월12일'!B6:B25)+COUNTA('6월12일'!H6:H25) -> 0
A18: 6월 13일 | B18: ='6월13일'!I27 -> 0 | C18: ='6월13일'!J27 -> 0 | D18: ='6월13일'!L26 -> 0 | E18: =COUNTA('6월13일'!B6:B25)+COUNTA('6월13일'!H6:H25) -> 0
A19: 6월 14일 | B19: ='6월14일'!I27 -> 0 | C19: ='6월14일'!J27 -> 0 | D19: ='6월14일'!L26 -> 0 | E19: =COUNTA('6월14일'!B6:B25)+COUNTA('6월14일'!H6:H25) -> 0
A20: 6월 15일 | B20: ='6월15일'!I27 -> 0 | C20: ='6월15일'!J27 -> 0 | D20: ='6월15일'!L26 -> 0 | E20: =COUNTA('6월15일'!B6:B25)+COUNTA('6월15일'!H6:H25) -> 0
A21: 6월 16일 | B21: ='6월16일'!I27 -> 0 | C21: ='6월16일'!J27 -> 0 | D21: ='6월16일'!L26 -> 0 | E21: =COUNTA('6월16일'!B6:B25)+COUNTA('6월16일'!H6:H25) -> 0
A22: 6월 17일 | B22: ='6월17일'!I27 -> 0 | C22: ='6월17일'!J27 -> 0 | D22: ='6월17일'!L26 -> 0 | E22: =COUNTA('6월17일'!B6:B25)+COUNTA('6월17일'!H6:H25) -> 0
A23: 6월 18일 | B23: ='6월18일'!I27 -> 0 | C23: ='6월18일'!J27 -> 0 | D23: ='6월18일'!L26 -> 0 | E23: =COUNTA('6월18일'!B6:B25)+COUNTA('6월18일'!H6:H25) -> 0
A24: 6월 19일 | B24: ='6월19일'!I27 -> 0 | C24: ='6월19일'!J27 -> 0 | D24: ='6월19일'!L26 -> 0 | E24: =COUNTA('6월19일'!B6:B25)+COUNTA('6월19일'!H6:H25) -> 0
A25: 6월 20일 | B25: ='6월20일'!I27 -> 0 | C25: ='6월20일'!J27 -> 0 | D25: ='6월20일'!L26 -> 0 | E25: =COUNTA('6월20일'!B6:B25)+COUNTA('6월20일'!H6:H25) -> 0
A26: 6월 21일 | B26: ='6월21일'!I27 -> 0 | C26: ='6월21일'!J27 -> 0 | D26: ='6월21일'!L26 -> 0 | E26: =COUNTA('6월21일'!B6:B25)+COUNTA('6월21일'!H6:H25) -> 0
A27: 6월 22일 | B27: ='6월22일'!I27 -> 0 | C27: ='6월22일'!J27 -> 0 | D27: ='6월22일'!L26 -> 0 | E27: =COUNTA('6월22일'!B6:B25)+COUNTA('6월22일'!H6:H25) -> 0 | F27: 입대료 | G27: 전기세 | H27: 전화 | I27: 정수기 | J27: 택배비 | K27: 물건값 | L27: 기타(식대) | M27: 비고 | N27: 합계
A28: 6월 23일 | B28: ='6월23일'!I27 -> 0 | C28: ='6월23일'!J27 -> 0 | D28: ='6월23일'!L26 -> 0 | E28: =COUNTA('6월23일'!B6:B25)+COUNTA('6월23일'!H6:H25) -> 0 | F28: 1400000 | G28: 300000 | H28: 5000 | I28: 25000 | J28: 50000 | K28: 6000000 | N28: =SUM(F28:M28) -> 7780000
A29: 6월 24일 | B29: ='6월24일'!I27 -> 0 | C29: ='6월24일'!J27 -> 0 | D29: ='6월24일'!L26 -> 0 | E29: =COUNTA('6월24일'!B6:B25)+COUNTA('6월24일'!H6:H25) -> 0
A30: 6월 25일 | B30: ='6월25일'!I27 -> 0 | C30: ='6월25일'!J27 -> 0 | D30: ='6월25일'!L26 -> 0 | E30: =COUNTA('6월25일'!B6:B25)+COUNTA('6월25일'!H6:H25) -> 0
A31: 6월 26일 | B31: ='6월26일'!I27 -> 0 | C31: ='6월26일'!J27 -> 0 | D31: ='6월26일'!L26 -> 0 | E31: =COUNTA('6월26일'!B6:B25)+COUNTA('6월26일'!H6:H25) -> 0
A32: 6월 27일 | B32: ='6월27일'!I27 -> 0 | C32: ='6월27일'!J27 -> 0 | D32: ='6월27일'!L26 -> 0 | E32: =COUNTA('6월27일'!B6:B25)+COUNTA('6월27일'!H6:H25) -> 0
A33: 6월 28일 | B33: ='6월28일'!I27 -> 0 | C33: ='6월28일'!J27 -> 0 | D33: ='6월28일'!L26 -> 0 | E33: =COUNTA('6월28일'!B6:B25)+COUNTA('6월28일'!H6:H25) -> 0
A34: 6월 29일 | B34: ='6월29일'!I27 -> 0 | C34: ='6월29일'!J27 -> 0 | D34: ='6월29일'!L26 -> 0 | E34: =COUNTA('6월29일'!B6:B25)+COUNTA('6월29일'!H6:H25) -> 0
A35: 6월 30일 | B35: ='6월30일'!I27 -> 0 | C35: ='6월30일'!J27 -> 0 | D35: ='6월30일'!L26 -> 0 | E35: =COUNTA('6월30일'!B6:B25)+COUNTA('6월30일'!H6:H25) -> 0
A36: 월 총 합계 | B36: =SUM(B6:B35) -> 0 | C36: =SUM(C6:C35) -> 0 | D36: =SUM(D6:D35) -> 0 | E36: =SUM(E6:E35) -> 0
B37: 카드 | C37: 현금 | F37: =D37-N28 -> -7780000
B38: =B36/D36 -> #DIV/0! | C38: =C36/D36 -> #DIV/0! | D38: =D37/31 -> 0

Sheet 6월1일
A1: (06월) 일 일 매 출 일 지
K4: 2026-06-01(월)
A5: No | B5: 품 명 | E5: 카 드 | F5: 현 금 | G5: 합 계 | H5: 품 명 | I5: 카 드 | J5: 현 금 | K5: 합 계 | L5: 일 합 계 | N5: 마 진
A6: 1 | G6: =E6+F6 -> 0 | K6: =I6+J6 -> 0
A7: 2 | G7: =E7+F7 -> 0 | K7: =I7+J7 -> 0
A8: 3 | G8: =E8+F8 -> 0 | K8: =I8+J8 -> 0
A9: 4 | G9: =E9+F9 -> 0 | K9: =I9+J9 -> 0
A10: 5 | G10: =E10+F10 -> 0 | K10: =I10+J10 -> 0
A11: 6 | G11: =E11+F11 -> 0 | K11: =I11+J11 -> 0
A12: 7 | G12: =E12+F12 -> 0 | K12: =I12+J12 -> 0
A13: 8 | G13: =E13+F13 -> 0 | K13: =I13+J13 -> 0
A14: 9 | G14: =E14+F14 -> 0 | K14: =I14+J14 -> 0
A15: 10 | G15: =E15+F15 -> 0 | K15: =I15+J15 -> 0
A16: 11 | G16: =E16+F16 -> 0 | K16: =I16+J16 -> 0
A17: 12 | G17: =E17+F17 -> 0 | K17: =I17+J17 -> 0
... A25: 20 | G25: =E25+F25 -> 0 | K25: =I25+J25 -> 0
B26: 합 계 | E26: =SUM(E6:E25) -> 0 | F26: =SUM(F6:F25) -> 0 | G26: =E26+F26 -> 0 | I26: =SUM(I6:I25) -> 0 | J26: =SUM(J6:J25) -> 0 | K26: =I26+J26 -> 0 | L26: =G26+K26 -> 0 | N26: =SUM(N6:N25) -> 0
I27: =E26+I26 -> 0 | J27: =F26+J26 -> 0 | L27: =K28/1 -> 0
I28: =I27 -> 0 | J28: =J27 -> 0 | K28: =L26 -> 0 | L28: =L26 -> 0 | O28: =N26 -> 0
I29: =I28/K28 -> #DIV/0!

Sheet 6월2일
A1: (06월) 일 일 매 출 일 지
K4: 2026-06-02(화)
A5: No | B5: 품 명 | E5: 카 드 | F5: 현 금 | G5: 합 계 | H5: 품 명 | I5: 카 드 | J5: 현 금 | K5: 합 계 | L5: 일 합 계 | N5: 마 진
A6: 1 | G6: =E6+F6 -> 0 | K6: =I6+J6 -> 0
A7: 2 | G7: =E7+F7 -> 0 | K7: =I7+J7 -> 0
A8: 3 | G8: =E8+F8 -> 0 | K8: =I8+J8 -> 0
A9: 4 | G9: =E9+F9 -> 0 | K9: =I9+J9 -> 0
A10: 5 | G10: =E10+F10 -> 0 | K10: =I10+J10 -> 0
A11: 6 | G11: =E11+F11 -> 0 | K11: =I11+J11 -> 0
A12: 7 | G12: =E12+F12 -> 0 | K12: =I12+J12 -> 0
A13: 8 | G13: =E13+F13 -> 0 | K13: =I13+J13 -> 0
A14: 9 | G14: =E14+F14 -> 0 | K14: =I14+J14 -> 0
A15: 10 | G15: =E15+F15 -> 0 | K15: =I15+J15 -> 0
A16: 11 | G16: =E16+F16 -> 0 | K16: =I16+J16 -> 0
A17: 12 | G17: =E17+F17 -> 0 | K17: =I17+J17 -> 0
... A25: 20 | G25: =E25+F25 -> 0 | K25: =I25+J25 -> 0
B26: 합 계 | E26: =SUM(E6:E25) -> 0 | F26: =SUM(F6:F25) -> 0 | G26: =E26+F26 -> 0 | I26: =SUM(I6:I25) -> 0 | J26: =SUM(J6:J25) -> 0 | K26: =I26+J26 -> 0 | L26: =G26+K26 -> 0 | N26: =SUM(N6:N25) -> 0
I27: =E26+I26 -> 0 | J27: =F26+J26 -> 0 | L27: =K28/2 -> 0
I28: ='6월1일'!I28+I27 -> 0 | J28: ='6월1일'!J28+J27 -> 0 | K28: ='6월1일'!K28+L26 -> 0 | L28: ='6월1일'!L28+L26 -> 0 | O28: ='6월1일'!O28+N26 -> 0
I29: =I28/K28 -> #DIV/0!

Sheet 6월3일
A1: (06월) 일 일 매 출 일 지
K4: 2026-06-03(수)
A5: No | B5: 품 명 | E5: 카 드 | F5: 현 금 | G5: 합 계 | H5: 품 명 | I5: 카 드 | J5: 현 금 | K5: 합 계 | L5: 일 합 계 | N5: 마 진
A6: 1 | G6: =E6+F6 -> 0 | K6: =I6+J6 -> 0
A7: 2 | G7: =E7+F7 -> 0 | K7: =I7+J7 -> 0
A8: 3 | G8: =E8+F8 -> 0 | K8: =I8+J8 -> 0
A9: 4 | G9: =E9+F9 -> 0 | K9: =I9+J9 -> 0
A10: 5 | G10: =E10+F10 -> 0 | K10: =I10+J10 -> 0
A11: 6 | G11: =E11+F11 -> 0 | K11: =I11+J11 -> 0
A12: 7 | G12: =E12+F12 -> 0 | K12: =I12+J12 -> 0
A13: 8 | G13: =E13+F13 -> 0 | K13: =I13+J13 -> 0
A14: 9 | G14: =E14+F14 -> 0 | K14: =I14+J14 -> 0
A15: 10 | G15: =E15+F15 -> 0 | K15: =I15+J15 -> 0
A16: 11 | G16: =E16+F16 -> 0 | K16: =I16+J16 -> 0
A17: 12 | G17: =E17+F17 -> 0 | K17: =I17+J17 -> 0
... A25: 20 | G25: =E25+F25 -> 0 | K25: =I25+J25 -> 0
B26: 합 계 | E26: =SUM(E6:E25) -> 0 | F26: =SUM(F6:F25) -> 0 | G26: =E26+F26 -> 0 | I26: =SUM(I6:I25) -> 0 | J26: =SUM(J6:J25) -> 0 | K26: =I26+J26 -> 0 | L26: =G26+K26 -> 0 | N26: =SUM(N6:N25) -> 0
I27: =E26+I26 -> 0 | J27: =F26+J26 -> 0 | L27: =K28/3 -> 0
I28: ='6월2일'!I28+I27 -> 0 | J28: ='6월2일'!J28+J27 -> 0 | K28: ='6월2일'!K28+L26 -> 0 | L28: ='6월2일'!L28+L26 -> 0 | O28: ='6월2일'!O28+N26 -> 0
I29: =I28/K28 -> #DIV/0!

Sheet 6월4일
A1: (06월) 일 일 매 출 일 지
K4: 2026-06-04(목)
A5: No | B5: 품 명 | E5: 카 드 | F5: 현 금 | G5: 합 계 | H5: 품 명 | I5: 카 드 | J5: 현 금 | K5: 합 계 | L5: 일 합 계 | N5: 마 진
A6: 1 | G6: =E6+F6 -> 0 | K6: =I6+J6 -> 0
A7: 2 | G7: =E7+F7 -> 0 | K7: =I7+J7 -> 0
A8: 3 | G8: =E8+F8 -> 0 | K8: =I8+J8 -> 0
A9: 4 | G9: =E9+F9 -> 0 | K9: =I9+J9 -> 0
A10: 5 | G10: =E10+F10 -> 0 | K10: =I10+J10 -> 0
A11: 6 | G11: =E11+F11 -> 0 | K11: =I11+J11 -> 0
A12: 7 | G12: =E12+F12 -> 0 | K12: =I12+J12 -> 0
A13: 8 | G13: =E13+F13 -> 0 | K13: =I13+J13 -> 0
A14: 9 | G14: =E14+F14 -> 0 | K14: =I14+J14 -> 0
A15: 10 | G15: =E15+F15 -> 0 | K15: =I15+J15 -> 0
A16: 11 | G16: =E16+F16 -> 0 | K16: =I16+J16 -> 0
A17: 12 | G17: =E17+F17 -> 0 | K17: =I17+J17 -> 0
... A25: 20 | G25: =E25+F25 -> 0 | K25: =I25+J25 -> 0
B26: 합 계 | E26: =SUM(E6:E25) -> 0 | F26: =SUM(F6:F25) -> 0 | G26: =E26+F26 -> 0 | I26: =SUM(I6:I25) -> 0 | J26: =SUM(J6:J25) -> 0 | K26: =I26+J26 -> 0 | L26: =G26+K26 -> 0 | N26: =SUM(N6:N25) -> 0
I27: =E26+I26 -> 0 | J27: =F26+J26 -> 0 | L27: =K28/4 -> 0
I28: ='6월3일'!I28+I27 -> 0 | J28: ='6월3일'!J28+J27 -> 0 | K28: ='6월3일'!K28+L26 -> 0 | L28: ='6월3일'!L28+L26 -> 0 | O28: ='6월3일'!O28+N26 -> 0
I29: =I28/K28 -> #DIV/0!

Sheet 6월5일
A1: (06월) 일 일 매 출 일 지
K4: 2026-06-05(금)
A5: No | B5: 품 명 | E5: 카 드 | F5: 현 금 | G5: 합 계 | H5: 품 명 | I5: 카 드 | J5: 현 금 | K5: 합 계 | L5: 일 합 계 | N5: 마 진
A6: 1 | G6: =E6+F6 -> 0 | K6: =I6+J6 -> 0
A7: 2 | G7: =E7+F7 -> 0 | K7: =I7+J7 -> 0
A8: 3 | G8: =E8+F8 -> 0 | K8: =I8+J8 -> 0
A9: 4 | G9: =E9+F9 -> 0 | K9: =I9+J9 -> 0
A10: 5 | G10: =E10+F10 -> 0 | K10: =I10+J10 -> 0
A11: 6 | G11: =E11+F11 -> 0 | K11: =I11+J11 -> 0
A12: 7 | G12: =E12+F12 -> 0 | K12: =I12+J12 -> 0
A13: 8 | G13: =E13+F13 -> 0 | K13: =I13+J13 -> 0
A14: 9 | G14: =E14+F14 -> 0 | K14: =I14+J14 -> 0
A15: 10 | G15: =E15+F15 -> 0 | K15: =I15+J15 -> 0
A16: 11 | G16: =E16+F16 -> 0 | K16: =I16+J16 -> 0
A17: 12 | G17: =E17+F17 -> 0 | K17: =I17+J17 -> 0
... A25: 20 | G25: =E25+F25 -> 0 | K25: =I25+J25 -> 0
B26: 합 계 | E26: =SUM(E6:E25) -> 0 | F26: =SUM(F6:F25) -> 0 | G26: =E26+F26 -> 0 | I26: =SUM(I6:I25) -> 0 | J26: =SUM(J6:J25) -> 0 | K26: =I26+J26 -> 0 | L26: =G26+K26 -> 0 | N26: =SUM(N6:N25) -> 0
I27: =E26+I26 -> 0 | J27: =F26+J26 -> 0 | L27: =K28/5 -> 0
I28: ='6월4일'!I28+I27 -> 0 | J28: ='6월4일'!J28+J27 -> 0 | K28: ='6월4일'!K28+L26 -> 0 | L28: ='6월4일'!L28+L26 -> 0 | O28: ='6월4일'!O28+N26 -> 0
I29: =I28/K28 -> #DIV/0!

Sheet 6월6일
A1: (06월) 일 일 매 출 일 지
K4: 2026-06-06(토)
A5: No | B5: 품 명 | E5: 카 드 | F5: 현 금 | G5: 합 계 | H5: 품 명 | I5: 카 드 | J5: 현 금 | K5: 합 계 | L5: 일 합 계 | N5: 마 진
A6: 1 | G6: =E6+F6 -> 0 | K6: =I6+J6 -> 0
A7: 2 | G7: =E7+F7 -> 0 | K7: =I7+J7 -> 0
A8: 3 | G8: =E8+F8 -> 0 | K8: =I8+J8 -> 0
A9: 4 | G9: =E9+F9 -> 0 | K9: =I9+J9 -> 0
A10: 5 | G10: =E10+F10 -> 0 | K10: =I10+J10 -> 0
A11: 6 | G11: =E11+F11 -> 0 | K11: =I11+J11 -> 0
A12: 7 | G12: =E12+F12 -> 0 | K12: =I12+J12 -> 0
A13: 8 | G13: =E13+F13 -> 0 | K13: =I13+J13 -> 0
A14: 9 | G14: =E14+F14 -> 0 | K14: =I14+J14 -> 0
A15: 10 | G15: =E15+F15 -> 0 | K15: =I15+J15 -> 0
A16: 11 | G16: =E16+F16 -> 0 | K16: =I16+J16 -> 0
A17: 12 | G17: =E17+F17 -> 0 | K17: =I17+J17 -> 0
... A25: 20 | G25: =E25+F25 -> 0 | K25: =I25+J25 -> 0
B26: 합 계 | E26: =SUM(E6:E25) -> 0 | F26: =SUM(F6:F25) -> 0 | G26: =E26+F26 -> 0 | I26: =SUM(I6:I25) -> 0 | J26: =SUM(J6:J25) -> 0 | K26: =I26+J26 -> 0 | L26: =G26+K26 -> 0 | N26: =SUM(N6:N25) -> 0
I27: =E26+I26 -> 0 | J27: =F26+J26 -> 0 | L27: =K28/6 -> 0
I28: ='6월5일'!I28+I27 -> 0 | J28: ='6월5일'!J28+J27 -> 0 | K28: ='6월5일'!K28+L26 -> 0 | L28: ='6월5일'!L28+L26 -> 0 | O28: ='6월5일'!O28+N26 -> 0
I29: =I28/K28 -> #DIV/0!

Sheet 6월7일
A1: (06월) 일 일 매 출 일 지
K4: 2026-06-07(일)
A5: No | B5: 품 명 | E5: 카 드 | F5: 현 금 | G5: 합 계 | H5: 품 명 | I5: 카 드 | J5: 현 금 | K5: 합 계 | L5: 일 합 계 | N5: 마 진
A6: 1 | G6: =E6+F6 -> 0 | K6: =I6+J6 -> 0
A7: 2 | G7: =E7+F7 -> 0 | K7: =I7+J7 -> 0
A8: 3 | G8: =E8+F8 -> 0 | K8: =I8+J8 -> 0
A9: 4 | G9: =E9+F9 -> 0 | K9: =I9+J9 -> 0
A10: 5 | G10: =E10+F10 -> 0 | K10: =I10+J10 -> 0
A11: 6 | G11: =E11+F11 -> 0 | K11: =I11+J11 -> 0
A12: 7 | G12: =E12+F12 -> 0 | K12: =I12+J12 -> 0
A13: 8 | G13: =E13+F13 -> 0 | K13: =I13+J13 -> 0
A14: 9 | G14: =E14+F14 -> 0 | K14: =I14+J14 -> 0
A15: 10 | G15: =E15+F15 -> 0 | K15: =I15+J15 -> 0
A16: 11 | G16: =E16+F16 -> 0 | K16: =I16+J16 -> 0
A17: 12 | G17: =E17+F17 -> 0 | K17: =I17+J17 -> 0
... A25: 20 | G25: =E25+F25 -> 0 | K25: =I25+J25 -> 0
B26: 합 계 | E26: =SUM(E6:E25) -> 0 | F26: =SUM(F6:F25) -> 0 | G26: =E26+F26 -> 0 | I26: =SUM(I6:I25) -> 0 | J26: =SUM(J6:J25) -> 0 | K26: =I26+J26 -> 0 | L26: =G26+K26 -> 0 | N26: =SUM(N6:N25) -> 0
I27: =E26+I26 -> 0 | J27: =F26+J26 -> 0 | L27: =K28/7 -> 0
I28: ='6월6일'!I28+I27 -> 0 | J28: ='6월6일'!J28+J27 -> 0 | K28: ='6월6일'!K28+L26 -> 0 | L28: ='6월6일'!L28+L26 -> 0 | O28: ='6월6일'!O28+N26 -> 0
I29: =I28/K28 -> #DIV/0!

Sheet 6월8일
A1: (06월) 일 일 매 출 일 지
K4: 2026-06-08(월)
A5: No | B5: 품 명 | E5: 카 드 | F5: 현 금 | G5: 합 계 | H5: 품 명 | I5: 카 드 | J5: 현 금 | K5: 합 계 | L5: 일 합 계 | N5: 마 진
A6: 1 | G6: =E6+F6 -> 0 | K6: =I6+J6 -> 0
A7: 2 | G7: =E7+F7 -> 0 | K7: =I7+J7 -> 0
A8: 3 | G8: =E8+F8 -> 0 | K8: =I8+J8 -> 0
A9: 4 | G9: =E9+F9 -> 0 | K9: =I9+J9 -> 0
A10: 5 | G10: =E10+F10 -> 0 | K10: =I10+J10 -> 0
A11: 6 | G11: =E11+F11 -> 0 | K11: =I11+J11 -> 0
A12: 7 | G12: =E12+F12 -> 0 | K12: =I12+J12 -> 0
A13: 8 | G13: =E13+F13 -> 0 | K13: =I13+J13 -> 0
A14: 9 | G14: =E14+F14 -> 0 | K14: =I14+J14 -> 0
A15: 10 | G15: =E15+F15 -> 0 | K15: =I15+J15 -> 0
A16: 11 | G16: =E16+F16 -> 0 | K16: =I16+J16 -> 0
A17: 12 | G17: =E17+F17 -> 0 | K17: =I17+J17 -> 0
... A25: 20 | G25: =E25+F25 -> 0 | K25: =I25+J25 -> 0
B26: 합 계 | E26: =SUM(E6:E25) -> 0 | F26: =SUM(F6:F25) -> 0 | G26: =E26+F26 -> 0 | I26: =SUM(I6:I25) -> 0 | J26: =SUM(J6:J25) -> 0 | K26: =I26+J26 -> 0 | L26: =G26+K26 -> 0 | N26: =SUM(N6:N25) -> 0
I27: =E26+I26 -> 0 | J27: =F26+J26 -> 0 | L27: =K28/8 -> 0
I28: ='6월7일'!I28+I27 -> 0 | J28: ='6월7일'!J28+J27 -> 0 | K28: ='6월7일'!K28+L26 -> 0 | L28: ='6월7일'!L28+L26 -> 0 | O28: ='6월7일'!O28+N26 -> 0
I29: =I28/K28 -> #DIV/0!

Sheet 6월9일
A1: (06월) 일 일 매 출 일 지
K4: 2026-06-09(화)
A5: No | B5: 품 명 | E5: 카 드 | F5: 현 금 | G5: 합 계 | H5: 품 명 | I5: 카 드 | J5: 현 금 | K5: 합 계 | L5: 일 합 계 | N5: 마 진
A6: 1 | G6: =E6+F6 -> 0 | K6: =I6+J6 -> 0
A7: 2 | G7: =E7+F7 -> 0 | K7: =I7+J7 -> 0
A8: 3 | G8: =E8+F8 -> 0 | K8: =I8+J8 -> 0
A9: 4 | G9: =E9+F9 -> 0 | K9: =I9+J9 -> 0
A10: 5 | G10: =E10+F10 -> 0 | K10: =I10+J10 -> 0
A11: 6 | G11: =E11+F11 -> 0 | K11: =I11+J11 -> 0
A12: 7 | G12: =E12+F12 -> 0 | K12: =I12+J12 -> 0
A13: 8 | G13: =E13+F13 -> 0 | K13: =I13+J13 -> 0
A14: 9 | G14: =E14+F14 -> 0 | K14: =I14+J14 -> 0
A15: 10 | G15: =E15+F15 -> 0 | K15: =I15+J15 -> 0
A16: 11 | G16: =E16+F16 -> 0 | K16: =I16+J16 -> 0
A17: 12 | G17: =E17+F17 -> 0 | K17: =I17+J17 -> 0
... A25: 20 | G25: =E25+F25 -> 0 | K25: =I25+J25 -> 0
B26: 합 계 | E26: =SUM(E6:E25) -> 0 | F26: =SUM(F6:F25) -> 0 | G26: =E26+F26 -> 0 | I26: =SUM(I6:I25) -> 0 | J26: =SUM(J6:J25) -> 0 | K26: =I26+J26 -> 0 | L26: =G26+K26 -> 0 | N26: =SUM(N6:N25) -> 0
I27: =E26+I26 -> 0 | J27: =F26+J26 -> 0 | L27: =K28/9 -> 0
I28: ='6월8일'!I28+I27 -> 0 | J28: ='6월8일'!J28+J27 -> 0 | K28: ='6월8일'!K28+L26 -> 0 | L28: ='6월8일'!L28+L26 -> 0 | O28: ='6월8일'!O28+N26 -> 0
I29: =I28/K28 -> #DIV/0!

Sheet 6월10일
A1: (06월) 일 일 매 출 일 지
K4: 2026-06-10(수)
A5: No | B5: 품 명 | E5: 카 드 | F5: 현 금 | G5: 합 계 | H5: 품 명 | I5: 카 드 | J5: 현 금 | K5: 합 계 | L5: 일 합 계 | N5: 마 진
A6: 1 | G6: =E6+F6 -> 0 | K6: =I6+J6 -> 0
A7: 2 | G7: =E7+F7 -> 0 | K7: =I7+J7 -> 0
A8: 3 | G8: =E8+F8 -> 0 | K8: =I8+J8 -> 0
A9: 4 | G9: =E9+F9 -> 0 | K9: =I9+J9 -> 0
A10: 5 | G10: =E10+F10 -> 0 | K10: =I10+J10 -> 0
A11: 6 | G11: =E11+F11 -> 0 | K11: =I11+J11 -> 0
A12: 7 | G12: =E12+F12 -> 0 | K12: =I12+J12 -> 0
A13: 8 | G13: =E13+F13 -> 0 | K13: =I13+J13 -> 0
A14: 9 | G14: =E14+F14 -> 0 | K14: =I14+J14 -> 0
A15: 10 | G15: =E15+F15 -> 0 | K15: =I15+J15 -> 0
A16: 11 | G16: =E16+F16 -> 0 | K16: =I16+J16 -> 0
A17: 12 | G17: =E17+F17 -> 0 | K17: =I17+J17 -> 0
... A25: 20 | G25: =E25+F25 -> 0 | K25: =I25+J25 -> 0
B26: 합 계 | E26: =SUM(E6:E25) -> 0 | F26: =SUM(F6:F25) -> 0 | G26: =E26+F26 -> 0 | I26: =SUM(I6:I25) -> 0 | J26: =SUM(J6:J25) -> 0 | K26: =I26+J26 -> 0 | L26: =G26+K26 -> 0 | N26: =SUM(N6:N25) -> 0
I27: =E26+I26 -> 0 | J27: =F26+J26 -> 0 | L27: =K28/10 -> 0
I28: ='6월9일'!I28+I27 -> 0 | J28: ='6월9일'!J28+J27 -> 0 | K28: ='6월9일'!K28+L26 -> 0 | L28: ='6월9일'!L28+L26 -> 0 | O28: ='6월9일'!O28+N26 -> 0
I29: =I28/K28 -> #DIV/0!

Sheet 6월11일
A1: (06월) 일 일 매 출 일 지
K4: 2026-06-11(목)
A5: No | B5: 품 명 | E5: 카 드 | F5: 현 금 | G5: 합 계 | H5: 품 명 | I5: 카 드 | J5: 현 금 | K5: 합 계 | L5: 일 합 계 | N5: 마 진
A6: 1 | G6: =E6+F6 -> 0 | K6: =I6+J6 -> 0
A7: 2 | G7: =E7+F7 -> 0 | K7: =I7+J7 -> 0
A8: 3 | G8: =E8+F8 -> 0 | K8: =I8+J8 -> 0
A9: 4 | G9: =E9+F9 -> 0 | K9: =I9+J9 -> 0
A10: 5 | G10: =E10+F10 -> 0 | K10: =I10+J10 -> 0
A11: 6 | G11: =E11+F11 -> 0 | K11: =I11+J11 -> 0
A12: 7 | G12: =E12+F12 -> 0 | K12: =I12+J12 -> 0
A13: 8 | G13: =E13+F13 -> 0 | K13: =I13+J13 -> 0
A14: 9 | G14: =E14+F14 -> 0 | K14: =I14+J14 -> 0
A15: 10 | G15: =E15+F15 -> 0 | K15: =I15+J15 -> 0
A16: 11 | G16: =E16+F16 -> 0 | K16: =I16+J16 -> 0
A17: 12 | G17: =E17+F17 -> 0 | K17: =I17+J17 -> 0
... A25: 20 | G25: =E25+F25 -> 0 | K25: =I25+J25 -> 0
B26: 합 계 | E26: =SUM(E6:E25) -> 0 | F26: =SUM(F6:F25) -> 0 | G26: =E26+F26 -> 0 | I26: =SUM(I6:I25) -> 0 | J26: =SUM(J6:J25) -> 0 | K26: =I26+J26 -> 0 | L26: =G26+K26 -> 0 | N26: =SUM(N6:N25) -> 0
I27: =E26+I26 -> 0 | J27: =F26+J26 -> 0 | L27: =K28/11 -> 0
I28: ='6월10일'!I28+I27 -> 0 | J28: ='6월10일'!J28+J27 -> 0 | K28: ='6월10일'!K28+L26 -> 0 | L28: ='6월10일'!L28+L26 -> 0 | O28: ='6월10일'!O28+N26 -> 0
I29: =I28/K28 -> #DIV/0!

Sheet 6월12일
A1: (06월) 일 일 매 출 일 지
K4: 2026-06-12(금)
A5: No | B5: 품 명 | E5: 카 드 | F5: 현 금 | G5: 합 계 | H5: 품 명 | I5: 카 드 | J5: 현 금 | K5: 합 계 | L5: 일 합 계 | N5: 마 진
A6: 1 | G6: =E6+F6 -> 0 | K6: =I6+J6 -> 0
A7: 2 | G7: =E7+F7 -> 0 | K7: =I7+J7 -> 0
A8: 3 | G8: =E8+F8 -> 0 | K8: =I8+J8 -> 0
A9: 4 | G9: =E9+F9 -> 0 | K9: =I9+J9 -> 0
A10: 5 | G10: =E10+F10 -> 0 | K10: =I10+J10 -> 0
A11: 6 | G11: =E11+F11 -> 0 | K11: =I11+J11 -> 0
A12: 7 | G12: =E12+F12 -> 0 | K12: =I12+J12 -> 0
A13: 8 | G13: =E13+F13 -> 0 | K13: =I13+J13 -> 0
A14: 9 | G14: =E14+F14 -> 0 | K14: =I14+J14 -> 0
A15: 10 | G15: =E15+F15 -> 0 | K15: =I15+J15 -> 0
A16: 11 | G16: =E16+F16 -> 0 | K16: =I16+J16 -> 0
A17: 12 | G17: =E17+F17 -> 0 | K17: =I17+J17 -> 0
... A25: 20 | G25: =E25+F25 -> 0 | K25: =I25+J25 -> 0
B26: 합 계 | E26: =SUM(E6:E25) -> 0 | F26: =SUM(F6:F25) -> 0 | G26: =E26+F26 -> 0 | I26: =SUM(I6:I25) -> 0 | J26: =SUM(J6:J25) -> 0 | K26: =I26+J26 -> 0 | L26: =G26+K26 -> 0 | N26: =SUM(N6:N25) -> 0
I27: =E26+I26 -> 0 | J27: =F26+J26 -> 0 | L27: =K28/12 -> 0
I28: ='6월11일'!I28+I27 -> 0 | J28: ='6월11일'!J28+J27 -> 0 | K28: ='6월11일'!K28+L26 -> 0 | L28: ='6월11일'!L28+L26 -> 0 | O28: ='6월11일'!O28+N26 -> 0
I29: =I28/K28 -> #DIV/0!

Sheet 6월13일
A1: (06월) 일 일 매 출 일 지
K4: 2026-06-13(토)
A5: No | B5: 품 명 | E5: 카 드 | F5: 현 금 | G5: 합 계 | H5: 품 명 | I5: 카 드 | J5: 현 금 | K5: 합 계 | L5: 일 합 계 | N5: 마 진
A6: 1 | G6: =E6+F6 -> 0 | K6: =I6+J6 -> 0
A7: 2 | G7: =E7+F7 -> 0 | K7: =I7+J7 -> 0
A8: 3 | G8: =E8+F8 -> 0 | K8: =I8+J8 -> 0
A9: 4 | G9: =E9+F9 -> 0 | K9: =I9+J9 -> 0
A10: 5 | G10: =E10+F10 -> 0 | K10: =I10+J10 -> 0
A11: 6 | G11: =E11+F11 -> 0 | K11: =I11+J11 -> 0
A12: 7 | G12: =E12+F12 -> 0 | K12: =I12+J12 -> 0
A13: 8 | G13: =E13+F13 -> 0 | K13: =I13+J13 -> 0
A14: 9 | G14: =E14+F14 -> 0 | K14: =I14+J14 -> 0
A15: 10 | G15: =E15+F15 -> 0 | K15: =I15+J15 -> 0
A16: 11 | G16: =E16+F16 -> 0 | K16: =I16+J16 -> 0
A17: 12 | G17: =E17+F17 -> 0 | K17: =I17+J17 -> 0
... A25: 20 | G25: =E25+F25 -> 0 | K25: =I25+J25 -> 0
B26: 합 계 | E26: =SUM(E6:E25) -> 0 | F26: =SUM(F6:F25) -> 0 | G26: =E26+F26 -> 0 | I26: =SUM(I6:I25) -> 0 | J26: =SUM(J6:J25) -> 0 | K26: =I26+J26 -> 0 | L26: =G26+K26 -> 0 | N26: =SUM(N6:N25) -> 0
I27: =E26+I26 -> 0 | J27: =F26+J26 -> 0 | L27: =K28/13 -> 0
I28: ='6월12일'!I28+I27 -> 0 | J28: ='6월12일'!J28+J27 -> 0 | K28: ='6월12일'!K28+L26 -> 0 | L28: ='6월12일'!L28+L26 -> 0 | O28: ='6월12일'!O28+N26 -> 0
I29: =I28/K28 -> #DIV/0!

Sheet 6월14일
A1: (06월) 일 일 매 출 일 지
K4: 2026-06-14(일)
A5: No | B5: 품 명 | E5: 카 드 | F5: 현 금 | G5: 합 계 | H5: 품 명 | I5: 카 드 | J5: 현 금 | K5: 합 계 | L5: 일 합 계 | N5: 마 진
A6: 1 | G6: =E6+F6 -> 0 | K6: =I6+J6 -> 0
A7: 2 | G7: =E7+F7 -> 0 | K7: =I7+J7 -> 0
A8: 3 | G8: =E8+F8 -> 0 | K8: =I8+J8 -> 0
A9: 4 | G9: =E9+F9 -> 0 | K9: =I9+J9 -> 0
A10: 5 | G10: =E10+F10 -> 0 | K10: =I10+J10 -> 0
A11: 6 | G11: =E11+F11 -> 0 | K11: =I11+J11 -> 0
A12: 7 | G12: =E12+F12 -> 0 | K12: =I12+J12 -> 0
A13: 8 | G13: =E13+F13 -> 0 | K13: =I13+J13 -> 0
A14: 9 | G14: =E14+F14 -> 0 | K14: =I14+J14 -> 0
A15: 10 | G15: =E15+F15 -> 0 | K15: =I15+J15 -> 0
A16: 11 | G16: =E16+F16 -> 0 | K16: =I16+J16 -> 0
A17: 12 | G17: =E17+F17 -> 0 | K17: =I17+J17 -> 0
... A25: 20 | G25: =E25+F25 -> 0 | K25: =I25+J25 -> 0
B26: 합 계 | E26: =SUM(E6:E25) -> 0 | F26: =SUM(F6:F25) -> 0 | G26: =E26+F26 -> 0 | I26: =SUM(I6:I25) -> 0 | J26: =SUM(J6:J25) -> 0 | K26: =I26+J26 -> 0 | L26: =G26+K26 -> 0 | N26: =SUM(N6:N25) -> 0
I27: =E26+I26 -> 0 | J27: =F26+J26 -> 0 | L27: =K28/14 -> 0
I28: ='6월13일'!I28+I27 -> 0 | J28: ='6월13일'!J28+J27 -> 0 | K28: ='6월13일'!K28+L26 -> 0 | L28: ='6월13일'!L28+L26 -> 0 | O28: ='6월13일'!O28+N26 -> 0
I29: =I28/K28 -> #DIV/0!

Sheet 6월15일
A1: (06월) 일 일 매 출 일 지
K4: 2026-06-15(월)
A5: No | B5: 품 명 | E5: 카 드 | F5: 현 금 | G5: 합 계 | H5: 품 명 | I5: 카 드 | J5: 현 금 | K5: 합 계 | L5: 일 합 계 | N5: 마 진
A6: 1 | G6: =E6+F6 -> 0 | K6: =I6+J6 -> 0
A7: 2 | G7: =E7+F7 -> 0 | K7: =I7+J7 -> 0
A8: 3 | G8: =E8+F8 -> 0 | K8: =I8+J8 -> 0
A9: 4 | G9: =E9+F9 -> 0 | K9: =I9+J9 -> 0
A10: 5 | G10: =E10+F10 -> 0 | K10: =I10+J10 -> 0
A11: 6 | G11: =E11+F11 -> 0 | K11: =I11+J11 -> 0
A12: 7 | G12: =E12+F12 -> 0 | K12: =I12+J12 -> 0
A13: 8 | G13: =E13+F13 -> 0 | K13: =I13+J13 -> 0
A14: 9 | G14: =E14+F14 -> 0 | K14: =I14+J14 -> 0
A15: 10 | G15: =E15+F15 -> 0 | K15: =I15+J15 -> 0
A16: 11 | G16: =E16+F16 -> 0 | K16: =I16+J16 -> 0
A17: 12 | G17: =E17+F17 -> 0 | K17: =I17+J17 -> 0
... A25: 20 | G25: =E25+F25 -> 0 | K25: =I25+J25 -> 0
B26: 합 계 | E26: =SUM(E6:E25) -> 0 | F26: =SUM(F6:F25) -> 0 | G26: =E26+F26 -> 0 | I26: =SUM(I6:I25) -> 0 | J26: =SUM(J6:J25) -> 0 | K26: =I26+J26 -> 0 | L26: =G26+K26 -> 0 | N26: =SUM(N6:N25) -> 0
I27: =E26+I26 -> 0 | J27: =F26+J26 -> 0 | L27: =K28/15 -> 0
I28: ='6월14일'!I28+I27 -> 0 | J28: ='6월14일'!J28+J27 -> 0 | K28: ='6월14일'!K28+L26 -> 0 | L28: ='6월14일'!L28+L26 -> 0 | O28: ='6월14일'!O28+N26 -> 0
I29: =I28/K28 -> #DIV/0!

Sheet 6월16일
A1: (06월) 일 일 매 출 일 지
K4: 2026-06-16(화)
A5: No | B5: 품 명 | E5: 카 드 | F5: 현 금 | G5: 합 계 | H5: 품 명 | I5: 카 드 | J5: 현 금 | K5: 합 계 | L5: 일 합 계 | N5: 마 진
A6: 1 | G6: =E6+F6 -> 0 | K6: =I6+J6 -> 0
A7: 2 | G7: =E7+F7 -> 0 | K7: =I7+J7 -> 0
A8: 3 | G8: =E8+F8 -> 0 | K8: =I8+J8 -> 0
A9: 4 | G9: =E9+F9 -> 0 | K9: =I9+J9 -> 0
A10: 5 | G10: =E10+F10 -> 0 | K10: =I10+J10 -> 0
A11: 6 | G11: =E11+F11 -> 0 | K11: =I11+J11 -> 0
A12: 7 | G12: =E12+F12 -> 0 | K12: =I12+J12 -> 0
A13: 8 | G13: =E13+F13 -> 0 | K13: =I13+J13 -> 0
A14: 9 | G14: =E14+F14 -> 0 | K14: =I14+J14 -> 0
A15: 10 | G15: =E15+F15 -> 0 | K15: =I15+J15 -> 0
A16: 11 | G16: =E16+F16 -> 0 | K16: =I16+J16 -> 0
A17: 12 | G17: =E17+F17 -> 0 | K17: =I17+J17 -> 0
... A25: 20 | G25: =E25+F25 -> 0 | K25: =I25+J25 -> 0
B26: 합 계 | E26: =SUM(E6:E25) -> 0 | F26: =SUM(F6:F25) -> 0 | G26: =E26+F26 -> 0 | I26: =SUM(I6:I25) -> 0 | J26: =SUM(J6:J25) -> 0 | K26: =I26+J26 -> 0 | L26: =G26+K26 -> 0 | N26: =SUM(N6:N25) -> 0
I27: =E26+I26 -> 0 | J27: =F26+J26 -> 0 | L27: =K28/16 -> 0
I28: ='6월15일'!I28+I27 -> 0 | J28: ='6월15일'!J28+J27 -> 0 | K28: ='6월15일'!K28+L26 -> 0 | L28: ='6월15일'!L28+L26 -> 0 | O28: ='6월15일'!O28+N26 -> 0
I29: =I28/K28 -> #DIV/0!

Sheet 6월17일
A1: (06월) 일 일 매 출 일 지
K4: 2026-06-17(수)
A5: No | B5: 품 명 | E5: 카 드 | F5: 현 금 | G5: 합 계 | H5: 품 명 | I5: 카 드 | J5: 현 금 | K5: 합 계 | L5: 일 합 계 | N5: 마 진
A6: 1 | G6: =E6+F6 -> 0 | K6: =I6+J6 -> 0
A7: 2 | G7: =E7+F7 -> 0 | K7: =I7+J7 -> 0
A8: 3 | G8: =E8+F8 -> 0 | K8: =I8+J8 -> 0
A9: 4 | G9: =E9+F9 -> 0 | K9: =I9+J9 -> 0
A10: 5 | G10: =E10+F10 -> 0 | K10: =I10+J10 -> 0
A11: 6 | G11: =E11+F11 -> 0 | K11: =I11+J11 -> 0
A12: 7 | G12: =E12+F12 -> 0 | K12: =I12+J12 -> 0
A13: 8 | G13: =E13+F13 -> 0 | K13: =I13+J13 -> 0
A14: 9 | G14: =E14+F14 -> 0 | K14: =I14+J14 -> 0
A15: 10 | G15: =E15+F15 -> 0 | K15: =I15+J15 -> 0
A16: 11 | G16: =E16+F16 -> 0 | K16: =I16+J16 -> 0
A17: 12 | G17: =E17+F17 -> 0 | K17: =I17+J17 -> 0
... A25: 20 | G25: =E25+F25 -> 0 | K25: =I25+J25 -> 0
B26: 합 계 | E26: =SUM(E6:E25) -> 0 | F26: =SUM(F6:F25) -> 0 | G26: =E26+F26 -> 0 | I26: =SUM(I6:I25) -> 0 | J26: =SUM(J6:J25) -> 0 | K26: =I26+J26 -> 0 | L26: =G26+K26 -> 0 | N26: =SUM(N6:N25) -> 0
I27: =E26+I26 -> 0 | J27: =F26+J26 -> 0 | L27: =K28/17 -> 0
I28: ='6월16일'!I28+I27 -> 0 | J28: ='6월16일'!J28+J27 -> 0 | K28: ='6월16일'!K28+L26 -> 0 | L28: ='6월16일'!L28+L26 -> 0 | O28: ='6월16일'!O28+N26 -> 0
I29: =I28/K28 -> #DIV/0!

Sheet 6월18일
A1: (06월) 일 일 매 출 일 지
K4: 2026-06-18(목)
A5: No | B5: 품 명 | E5: 카 드 | F5: 현 금 | G5: 합 계 | H5: 품 명 | I5: 카 드 | J5: 현 금 | K5: 합 계 | L5: 일 합 계 | N5: 마 진
A6: 1 | G6: =E6+F6 -> 0 | K6: =I6+J6 -> 0
A7: 2 | G7: =E7+F7 -> 0 | K7: =I7+J7 -> 0
A8: 3 | G8: =E8+F8 -> 0 | K8: =I8+J8 -> 0
A9: 4 | G9: =E9+F9 -> 0 | K9: =I9+J9 -> 0
A10: 5 | G10: =E10+F10 -> 0 | K10: =I10+J10 -> 0
A11: 6 | G11: =E11+F11 -> 0 | K11: =I11+J11 -> 0
A12: 7 | G12: =E12+F12 -> 0 | K12: =I12+J12 -> 0
A13: 8 | G13: =E13+F13 -> 0 | K13: =I13+J13 -> 0
A14: 9 | G14: =E14+F14 -> 0 | K14: =I14+J14 -> 0
A15: 10 | G15: =E15+F15 -> 0 | K15: =I15+J15 -> 0
A16: 11 | G16: =E16+F16 -> 0 | K16: =I16+J16 -> 0
A17: 12 | G17: =E17+F17 -> 0 | K17: =I17+J17 -> 0
... A25: 20 | G25: =E25+F25 -> 0 | K25: =I25+J25 -> 0
B26: 합 계 | E26: =SUM(E6:E25) -> 0 | F26: =SUM(F6:F25) -> 0 | G26: =E26+F26 -> 0 | I26: =SUM(I6:I25) -> 0 | J26: =SUM(J6:J25) -> 0 | K26: =I26+J26 -> 0 | L26: =G26+K26 -> 0 | N26: =SUM(N6:N25) -> 0
I27: =E26+I26 -> 0 | J27: =F26+J26 -> 0 | L27: =K28/18 -> 0
I28: ='6월17일'!I28+I27 -> 0 | J28: ='6월17일'!J28+J27 -> 0 | K28: ='6월17일'!K28+L26 -> 0 | L28: ='6월17일'!L28+L26 -> 0 | O28: ='6월17일'!O28+N26 -> 0
I29: =I28/K28 -> #DIV/0!

Sheet 6월19일
A1: (06월) 일 일 매 출 일 지
K4: 2026-06-19(금)
A5: No | B5: 품 명 | E5: 카 드 | F5: 현 금 | G5: 합 계 | H5: 품 명 | I5: 카 드 | J5: 현 금 | K5: 합 계 | L5: 일 합 계 | N5: 마 진
A6: 1 | G6: =E6+F6 -> 0 | K6: =I6+J6 -> 0
A7: 2 | G7: =E7+F7 -> 0 | K7: =I7+J7 -> 0
A8: 3 | G8: =E8+F8 -> 0 | K8: =I8+J8 -> 0
A9: 4 | G9: =E9+F9 -> 0 | K9: =I9+J9 -> 0
A10: 5 | G10: =E10+F10 -> 0 | K10: =I10+J10 -> 0
A11: 6 | G11: =E11+F11 -> 0 | K11: =I11+J11 -> 0
A12: 7 | G12: =E12+F12 -> 0 | K12: =I12+J12 -> 0
A13: 8 | G13: =E13+F13 -> 0 | K13: =I13+J13 -> 0
A14: 9 | G14: =E14+F14 -> 0 | K14: =I14+J14 -> 0
A15: 10 | G15: =E15+F15 -> 0 | K15: =I15+J15 -> 0
A16: 11 | G16: =E16+F16 -> 0 | K16: =I16+J16 -> 0
A17: 12 | G17: =E17+F17 -> 0 | K17: =I17+J17 -> 0
... A25: 20 | G25: =E25+F25 -> 0 | K25: =I25+J25 -> 0
B26: 합 계 | E26: =SUM(E6:E25) -> 0 | F26: =SUM(F6:F25) -> 0 | G26: =E26+F26 -> 0 | I26: =SUM(I6:I25) -> 0 | J26: =SUM(J6:J25) -> 0 | K26: =I26+J26 -> 0 | L26: =G26+K26 -> 0 | N26: =SUM(N6:N25) -> 0
I27: =E26+I26 -> 0 | J27: =F26+J26 -> 0 | L27: =K28/19 -> 0
I28: ='6월18일'!I28+I27 -> 0 | J28: ='6월18일'!J28+J27 -> 0 | K28: ='6월18일'!K28+L26 -> 0 | L28: ='6월18일'!L28+L26 -> 0 | O28: ='6월18일'!O28+N26 -> 0
I29: =I28/K28 -> #DIV/0!

Sheet 6월20일
A1: (06월) 일 일 매 출 일 지
K4: 2026-06-20(토)
A5: No | B5: 품 명 | E5: 카 드 | F5: 현 금 | G5: 합 계 | H5: 품 명 | I5: 카 드 | J5: 현 금 | K5: 합 계 | L5: 일 합 계 | N5: 마 진
A6: 1 | G6: =E6+F6 -> 0 | K6: =I6+J6 -> 0
A7: 2 | G7: =E7+F7 -> 0 | K7: =I7+J7 -> 0
A8: 3 | G8: =E8+F8 -> 0 | K8: =I8+J8 -> 0
A9: 4 | G9: =E9+F9 -> 0 | K9: =I9+J9 -> 0
A10: 5 | G10: =E10+F10 -> 0 | K10: =I10+J10 -> 0
A11: 6 | G11: =E11+F11 -> 0 | K11: =I11+J11 -> 0
A12: 7 | G12: =E12+F12 -> 0 | K12: =I12+J12 -> 0
A13: 8 | G13: =E13+F13 -> 0 | K13: =I13+J13 -> 0
A14: 9 | G14: =E14+F14 -> 0 | K14: =I14+J14 -> 0
A15: 10 | G15: =E15+F15 -> 0 | K15: =I15+J15 -> 0
A16: 11 | G16: =E16+F16 -> 0 | K16: =I16+J16 -> 0
A17: 12 | G17: =E17+F17 -> 0 | K17: =I17+J17 -> 0
... A25: 20 | G25: =E25+F25 -> 0 | K25: =I25+J25 -> 0
B26: 합 계 | E26: =SUM(E6:E25) -> 0 | F26: =SUM(F6:F25) -> 0 | G26: =E26+F26 -> 0 | I26: =SUM(I6:I25) -> 0 | J26: =SUM(J6:J25) -> 0 | K26: =I26+J26 -> 0 | L26: =G26+K26 -> 0 | N26: =SUM(N6:N25) -> 0
I27: =E26+I26 -> 0 | J27: =F26+J26 -> 0 | L27: =K28/20 -> 0
I28: ='6월19일'!I28+I27 -> 0 | J28: ='6월19일'!J28+J27 -> 0 | K28: ='6월19일'!K28+L26 -> 0 | L28: ='6월19일'!L28+L26 -> 0 | O28: ='6월19일'!O28+N26 -> 0
I29: =I28/K28 -> #DIV/0!

Sheet 6월21일
A1: (06월) 일 일 매 출 일 지
K4: 2026-06-21(일)
A5: No | B5: 품 명 | E5: 카 드 | F5: 현 금 | G5: 합 계 | H5: 품 명 | I5: 카 드 | J5: 현 금 | K5: 합 계 | L5: 일 합 계 | N5: 마 진
A6: 1 | G6: =E6+F6 -> 0 | K6: =I6+J6 -> 0
A7: 2 | G7: =E7+F7 -> 0 | K7: =I7+J7 -> 0
A8: 3 | G8: =E8+F8 -> 0 | K8: =I8+J8 -> 0
A9: 4 | G9: =E9+F9 -> 0 | K9: =I9+J9 -> 0
A10: 5 | G10: =E10+F10 -> 0 | K10: =I10+J10 -> 0
A11: 6 | G11: =E11+F11 -> 0 | K11: =I11+J11 -> 0
A12: 7 | G12: =E12+F12 -> 0 | K12: =I12+J12 -> 0
A13: 8 | G13: =E13+F13 -> 0 | K13: =I13+J13 -> 0
A14: 9 | G14: =E14+F14 -> 0 | K14: =I14+J14 -> 0
A15: 10 | G15: =E15+F15 -> 0 | K15: =I15+J15 -> 0
A16: 11 | G16: =E16+F16 -> 0 | K16: =I16+J16 -> 0
A17: 12 | G17: =E17+F17 -> 0 | K17: =I17+J17 -> 0
... A25: 20 | G25: =E25+F25 -> 0 | K25: =I25+J25 -> 0
B26: 합 계 | E26: =SUM(E6:E25) -> 0 | F26: =SUM(F6:F25) -> 0 | G26: =E26+F26 -> 0 | I26: =SUM(I6:I25) -> 0 | J26: =SUM(J6:J25) -> 0 | K26: =I26+J26 -> 0 | L26: =G26+K26 -> 0 | N26: =SUM(N6:N25) -> 0
I27: =E26+I26 -> 0 | J27: =F26+J26 -> 0 | L27: =K28/21 -> 0
I28: ='6월20일'!I28+I27 -> 0 | J28: ='6월20일'!J28+J27 -> 0 | K28: ='6월20일'!K28+L26 -> 0 | L28: ='6월20일'!L28+L26 -> 0 | O28: ='6월20일'!O28+N26 -> 0
I29: =I28/K28 -> #DIV/0!

Sheet 6월22일
A1: (06월) 일 일 매 출 일 지
K4: 2026-06-22(월)
A5: No | B5: 품 명 | E5: 카 드 | F5: 현 금 | G5: 합 계 | H5: 품 명 | I5: 카 드 | J5: 현 금 | K5: 합 계 | L5: 일 합 계 | N5: 마 진
A6: 1 | G6: =E6+F6 -> 0 | K6: =I6+J6 -> 0
A7: 2 | G7: =E7+F7 -> 0 | K7: =I7+J7 -> 0
A8: 3 | G8: =E8+F8 -> 0 | K8: =I8+J8 -> 0
A9: 4 | G9: =E9+F9 -> 0 | K9: =I9+J9 -> 0
A10: 5 | G10: =E10+F10 -> 0 | K10: =I10+J10 -> 0
A11: 6 | G11: =E11+F11 -> 0 | K11: =I11+J11 -> 0
A12: 7 | G12: =E12+F12 -> 0 | K12: =I12+J12 -> 0
A13: 8 | G13: =E13+F13 -> 0 | K13: =I13+J13 -> 0
A14: 9 | G14: =E14+F14 -> 0 | K14: =I14+J14 -> 0
A15: 10 | G15: =E15+F15 -> 0 | K15: =I15+J15 -> 0
A16: 11 | G16: =E16+F16 -> 0 | K16: =I16+J16 -> 0
A17: 12 | G17: =E17+F17 -> 0 | K17: =I17+J17 -> 0
... A25: 20 | G25: =E25+F25 -> 0 | K25: =I25+J25 -> 0
B26: 합 계 | E26: =SUM(E6:E25) -> 0 | F26: =SUM(F6:F25) -> 0 | G26: =E26+F26 -> 0 | I26: =SUM(I6:I25) -> 0 | J26: =SUM(J6:J25) -> 0 | K26: =I26+J26 -> 0 | L26: =G26+K26 -> 0 | N26: =SUM(N6:N25) -> 0
I27: =E26+I26 -> 0 | J27: =F26+J26 -> 0 | L27: =K28/22 -> 0
I28: ='6월21일'!I28+I27 -> 0 | J28: ='6월21일'!J28+J27 -> 0 | K28: ='6월21일'!K28+L26 -> 0 | L28: ='6월21일'!L28+L26 -> 0 | O28: ='6월21일'!O28+N26 -> 0
I29: =I28/K28 -> #DIV/0!

Sheet 6월23일
A1: (06월) 일 일 매 출 일 지
K4: 2026-06-23(화)
A5: No | B5: 품 명 | E5: 카 드 | F5: 현 금 | G5: 합 계 | H5: 품 명 | I5: 카 드 | J5: 현 금 | K5: 합 계 | L5: 일 합 계 | N5: 마 진
A6: 1 | G6: =E6+F6 -> 0 | K6: =I6+J6 -> 0
A7: 2 | G7: =E7+F7 -> 0 | K7: =I7+J7 -> 0
A8: 3 | G8: =E8+F8 -> 0 | K8: =I8+J8 -> 0
A9: 4 | G9: =E9+F9 -> 0 | K9: =I9+J9 -> 0
A10: 5 | G10: =E10+F10 -> 0 | K10: =I10+J10 -> 0
A11: 6 | G11: =E11+F11 -> 0 | K11: =I11+J11 -> 0
A12: 7 | G12: =E12+F12 -> 0 | K12: =I12+J12 -> 0
A13: 8 | G13: =E13+F13 -> 0 | K13: =I13+J13 -> 0
A14: 9 | G14: =E14+F14 -> 0 | K14: =I14+J14 -> 0
A15: 10 | G15: =E15+F15 -> 0 | K15: =I15+J15 -> 0
A16: 11 | G16: =E16+F16 -> 0 | K16: =I16+J16 -> 0
A17: 12 | G17: =E17+F17 -> 0 | K17: =I17+J17 -> 0
... A25: 20 | G25: =E25+F25 -> 0 | K25: =I25+J25 -> 0
B26: 합 계 | E26: =SUM(E6:E25) -> 0 | F26: =SUM(F6:F25) -> 0 | G26: =E26+F26 -> 0 | I26: =SUM(I6:I25) -> 0 | J26: =SUM(J6:J25) -> 0 | K26: =I26+J26 -> 0 | L26: =G26+K26 -> 0 | N26: =SUM(N6:N25) -> 0
I27: =E26+I26 -> 0 | J27: =F26+J26 -> 0 | L27: =K28/23 -> 0
I28: ='6월22일'!I28+I27 -> 0 | J28: ='6월22일'!J28+J27 -> 0 | K28: ='6월22일'!K28+L26 -> 0 | L28: ='6월22일'!L28+L26 -> 0 | O28: ='6월22일'!O28+N26 -> 0
I29: =I28/K28 -> #DIV/0!

Sheet 6월24일
A1: (06월) 일 일 매 출 일 지
K4: 2026-06-24(수)
A5: No | B5: 품 명 | E5: 카 드 | F5: 현 금 | G5: 합 계 | H5: 품 명 | I5: 카 드 | J5: 현 금 | K5: 합 계 | L5: 일 합 계 | N5: 마 진
A6: 1 | G6: =E6+F6 -> 0 | K6: =I6+J6 -> 0
A7: 2 | G7: =E7+F7 -> 0 | K7: =I7+J7 -> 0
A8: 3 | G8: =E8+F8 -> 0 | K8: =I8+J8 -> 0
A9: 4 | G9: =E9+F9 -> 0 | K9: =I9+J9 -> 0
A10: 5 | G10: =E10+F10 -> 0 | K10: =I10+J10 -> 0
A11: 6 | G11: =E11+F11 -> 0 | K11: =I11+J11 -> 0
A12: 7 | G12: =E12+F12 -> 0 | K12: =I12+J12 -> 0
A13: 8 | G13: =E13+F13 -> 0 | K13: =I13+J13 -> 0
A14: 9 | G14: =E14+F14 -> 0 | K14: =I14+J14 -> 0
A15: 10 | G15: =E15+F15 -> 0 | K15: =I15+J15 -> 0
A16: 11 | G16: =E16+F16 -> 0 | K16: =I16+J16 -> 0
A17: 12 | G17: =E17+F17 -> 0 | K17: =I17+J17 -> 0
... A25: 20 | G25: =E25+F25 -> 0 | K25: =I25+J25 -> 0
B26: 합 계 | E26: =SUM(E6:E25) -> 0 | F26: =SUM(F6:F25) -> 0 | G26: =E26+F26 -> 0 | I26: =SUM(I6:I25) -> 0 | J26: =SUM(J6:J25) -> 0 | K26: =I26+J26 -> 0 | L26: =G26+K26 -> 0 | N26: =SUM(N6:N25) -> 0
I27: =E26+I26 -> 0 | J27: =F26+J26 -> 0 | L27: =K28/24 -> 0
I28: ='6월23일'!I28+I27 -> 0 | J28: ='6월23일'!J28+J27 -> 0 | K28: ='6월23일'!K28+L26 -> 0 | L28: ='6월23일'!L28+L26 -> 0 | O28: ='6월23일'!O28+N26 -> 0
I29: =I28/K28 -> #DIV/0!

Sheet 6월25일
A1: (06월) 일 일 매 출 일 지
K4: 2026-06-25(목)
A5: No | B5: 품 명 | E5: 카 드 | F5: 현 금 | G5: 합 계 | H5: 품 명 | I5: 카 드 | J5: 현 금 | K5: 합 계 | L5: 일 합 계 | N5: 마 진
A6: 1 | G6: =E6+F6 -> 0 | K6: =I6+J6 -> 0
A7: 2 | G7: =E7+F7 -> 0 | K7: =I7+J7 -> 0
A8: 3 | G8: =E8+F8 -> 0 | K8: =I8+J8 -> 0
A9: 4 | G9: =E9+F9 -> 0 | K9: =I9+J9 -> 0
A10: 5 | G10: =E10+F10 -> 0 | K10: =I10+J10 -> 0
A11: 6 | G11: =E11+F11 -> 0 | K11: =I11+J11 -> 0
A12: 7 | G12: =E12+F12 -> 0 | K12: =I12+J12 -> 0
A13: 8 | G13: =E13+F13 -> 0 | K13: =I13+J13 -> 0
A14: 9 | G14: =E14+F14 -> 0 | K14: =I14+J14 -> 0
A15: 10 | G15: =E15+F15 -> 0 | K15: =I15+J15 -> 0
A16: 11 | G16: =E16+F16 -> 0 | K16: =I16+J16 -> 0
A17: 12 | G17: =E17+F17 -> 0 | K17: =I17+J17 -> 0
... A25: 20 | G25: =E25+F25 -> 0 | K25: =I25+J25 -> 0
B26: 합 계 | E26: =SUM(E6:E25) -> 0 | F26: =SUM(F6:F25) -> 0 | G26: =E26+F26 -> 0 | I26: =SUM(I6:I25) -> 0 | J26: =SUM(J6:J25) -> 0 | K26: =I26+J26 -> 0 | L26: =G26+K26 -> 0 | N26: =SUM(N6:N25) -> 0
I27: =E26+I26 -> 0 | J27: =F26+J26 -> 0 | L27: =K28/25 -> 0
I28: ='6월24일'!I28+I27 -> 0 | J28: ='6월24일'!J28+J27 -> 0 | K28: ='6월24일'!K28+L26 -> 0 | L28: ='6월24일'!L28+L26 -> 0 | O28: ='6월24일'!O28+N26 -> 0
I29: =I28/K28 -> #DIV/0!

Sheet 6월26일
A1: (06월) 일 일 매 출 일 지
K4: 2026-06-26(금)
A5: No | B5: 품 명 | E5: 카 드 | F5: 현 금 | G5: 합 계 | H5: 품 명 | I5: 카 드 | J5: 현 금 | K5: 합 계 | L5: 일 합 계 | N5: 마 진
A6: 1 | G6: =E6+F6 -> 0 | K6: =I6+J6 -> 0
A7: 2 | G7: =E7+F7 -> 0 | K7: =I7+J7 -> 0
A8: 3 | G8: =E8+F8 -> 0 | K8: =I8+J8 -> 0
A9: 4 | G9: =E9+F9 -> 0 | K9: =I9+J9 -> 0
A10: 5 | G10: =E10+F10 -> 0 | K10: =I10+J10 -> 0
A11: 6 | G11: =E11+F11 -> 0 | K11: =I11+J11 -> 0
A12: 7 | G12: =E12+F12 -> 0 | K12: =I12+J12 -> 0
A13: 8 | G13: =E13+F13 -> 0 | K13: =I13+J13 -> 0
A14: 9 | G14: =E14+F14 -> 0 | K14: =I14+J14 -> 0
A15: 10 | G15: =E15+F15 -> 0 | K15: =I15+J15 -> 0
A16: 11 | G16: =E16+F16 -> 0 | K16: =I16+J16 -> 0
A17: 12 | G17: =E17+F17 -> 0 | K17: =I17+J17 -> 0
... A25: 20 | G25: =E25+F25 -> 0 | K25: =I25+J25 -> 0
B26: 합 계 | E26: =SUM(E6:E25) -> 0 | F26: =SUM(F6:F25) -> 0 | G26: =E26+F26 -> 0 | I26: =SUM(I6:I25) -> 0 | J26: =SUM(J6:J25) -> 0 | K26: =I26+J26 -> 0 | L26: =G26+K26 -> 0 | N26: =SUM(N6:N25) -> 0
I27: =E26+I26 -> 0 | J27: =F26+J26 -> 0 | L27: =K28/26 -> 0
I28: ='6월25일'!I28+I27 -> 0 | J28: ='6월25일'!J28+J27 -> 0 | K28: ='6월25일'!K28+L26 -> 0 | L28: ='6월25일'!L28+L26 -> 0 | O28: ='6월25일'!O28+N26 -> 0
I29: =I28/K28 -> #DIV/0!

Sheet 6월27일
A1: (06월) 일 일 매 출 일 지
K4: 2026-06-27(토)
A5: No | B5: 품 명 | E5: 카 드 | F5: 현 금 | G5: 합 계 | H5: 품 명 | I5: 카 드 | J5: 현 금 | K5: 합 계 | L5: 일 합 계 | N5: 마 진
A6: 1 | G6: =E6+F6 -> 0 | K6: =I6+J6 -> 0
A7: 2 | G7: =E7+F7 -> 0 | K7: =I7+J7 -> 0
A8: 3 | G8: =E8+F8 -> 0 | K8: =I8+J8 -> 0
A9: 4 | G9: =E9+F9 -> 0 | K9: =I9+J9 -> 0
A10: 5 | G10: =E10+F10 -> 0 | K10: =I10+J10 -> 0
A11: 6 | G11: =E11+F11 -> 0 | K11: =I11+J11 -> 0
A12: 7 | G12: =E12+F12 -> 0 | K12: =I12+J12 -> 0
A13: 8 | G13: =E13+F13 -> 0 | K13: =I13+J13 -> 0
A14: 9 | G14: =E14+F14 -> 0 | K14: =I14+J14 -> 0
A15: 10 | G15: =E15+F15 -> 0 | K15: =I15+J15 -> 0
A16: 11 | G16: =E16+F16 -> 0 | K16: =I16+J16 -> 0
A17: 12 | G17: =E17+F17 -> 0 | K17: =I17+J17 -> 0
... A25: 20 | G25: =E25+F25 -> 0 | K25: =I25+J25 -> 0
B26: 합 계 | E26: =SUM(E6:E25) -> 0 | F26: =SUM(F6:F25) -> 0 | G26: =E26+F26 -> 0 | I26: =SUM(I6:I25) -> 0 | J26: =SUM(J6:J25) -> 0 | K26: =I26+J26 -> 0 | L26: =G26+K26 -> 0 | N26: =SUM(N6:N25) -> 0
I27: =E26+I26 -> 0 | J27: =F26+J26 -> 0 | L27: =K28/27 -> 0
I28: ='6월26일'!I28+I27 -> 0 | J28: ='6월26일'!J28+J27 -> 0 | K28: ='6월26일'!K28+L26 -> 0 | L28: ='6월26일'!L28+L26 -> 0 | O28: ='6월26일'!O28+N26 -> 0
I29: =I28/K28 -> #DIV/0!

Sheet 6월28일
A1: (06월) 일 일 매 출 일 지
K4: 2026-06-28(일)
A5: No | B5: 품 명 | E5: 카 드 | F5: 현 금 | G5: 합 계 | H5: 품 명 | I5: 카 드 | J5: 현 금 | K5: 합 계 | L5: 일 합 계 | N5: 마 진
A6: 1 | G6: =E6+F6 -> 0 | K6: =I6+J6 -> 0
A7: 2 | G7: =E7+F7 -> 0 | K7: =I7+J7 -> 0
A8: 3 | G8: =E8+F8 -> 0 | K8: =I8+J8 -> 0
A9: 4 | G9: =E9+F9 -> 0 | K9: =I9+J9 -> 0
A10: 5 | G10: =E10+F10 -> 0 | K10: =I10+J10 -> 0
A11: 6 | G11: =E11+F11 -> 0 | K11: =I11+J11 -> 0
A12: 7 | G12: =E12+F12 -> 0 | K12: =I12+J12 -> 0
A13: 8 | G13: =E13+F13 -> 0 | K13: =I13+J13 -> 0
A14: 9 | G14: =E14+F14 -> 0 | K14: =I14+J14 -> 0
A15: 10 | G15: =E15+F15 -> 0 | K15: =I15+J15 -> 0
A16: 11 | G16: =E16+F16 -> 0 | K16: =I16+J16 -> 0
A17: 12 | G17: =E17+F17 -> 0 | K17: =I17+J17 -> 0
... A25: 20 | G25: =E25+F25 -> 0 | K25: =I25+J25 -> 0
B26: 합 계 | E26: =SUM(E6:E25) -> 0 | F26: =SUM(F6:F25) -> 0 | G26: =E26+F26 -> 0 | I26: =SUM(I6:I25) -> 0 | J26: =SUM(J6:J25) -> 0 | K26: =I26+J26 -> 0 | L26: =G26+K26 -> 0 | N26: =SUM(N6:N25) -> 0
I27: =E26+I26 -> 0 | J27: =F26+J26 -> 0 | L27: =K28/28 -> 0
I28: ='6월27일'!I28+I27 -> 0 | J28: ='6월27일'!J28+J27 -> 0 | K28: ='6월27일'!K28+L26 -> 0 | L28: ='6월27일'!L28+L26 -> 0 | O28: ='6월27일'!O28+N26 -> 0
I29: =I28/K28 -> #DIV/0!

Sheet 6월29일
A1: (06월) 일 일 매 출 일 지
K4: 2026-06-29(월)
A5: No | B5: 품 명 | E5: 카 드 | F5: 현 금 | G5: 합 계 | H5: 품 명 | I5: 카 드 | J5: 현 금 | K5: 합 계 | L5: 일 합 계 | N5: 마 진
A6: 1 | G6: =E6+F6 -> 0 | K6: =I6+J6 -> 0
A7: 2 | G7: =E7+F7 -> 0 | K7: =I7+J7 -> 0
A8: 3 | G8: =E8+F8 -> 0 | K8: =I8+J8 -> 0
A9: 4 | G9: =E9+F9 -> 0 | K9: =I9+J9 -> 0
A10: 5 | G10: =E10+F10 -> 0 | K10: =I10+J10 -> 0
A11: 6 | G11: =E11+F11 -> 0 | K11: =I11+J11 -> 0
A12: 7 | G12: =E12+F12 -> 0 | K12: =I12+J12 -> 0
A13: 8 | G13: =E13+F13 -> 0 | K13: =I13+J13 -> 0
A14: 9 | G14: =E14+F14 -> 0 | K14: =I14+J14 -> 0
A15: 10 | G15: =E15+F15 -> 0 | K15: =I15+J15 -> 0
A16: 11 | G16: =E16+F16 -> 0 | K16: =I16+J16 -> 0
A17: 12 | G17: =E17+F17 -> 0 | K17: =I17+J17 -> 0
... A25: 20 | G25: =E25+F25 -> 0 | K25: =I25+J25 -> 0
B26: 합 계 | E26: =SUM(E6:E25) -> 0 | F26: =SUM(F6:F25) -> 0 | G26: =E26+F26 -> 0 | I26: =SUM(I6:I25) -> 0 | J26: =SUM(J6:J25) -> 0 | K26: =I26+J26 -> 0 | L26: =G26+K26 -> 0 | N26: =SUM(N6:N25) -> 0
I27: =E26+I26 -> 0 | J27: =F26+J26 -> 0 | L27: =K28/29 -> 0
I28: ='6월28일'!I28+I27 -> 0 | J28: ='6월28일'!J28+J27 -> 0 | K28: ='6월28일'!K28+L26 -> 0 | L28: ='6월28일'!L28+L26 -> 0 | O28: ='6월28일'!O28+N26 -> 0
I29: =I28/K28 -> #DIV/0!

Sheet 6월30일
A1: (06월) 일 일 매 출 일 지
K4: 2026-06-30(화)
A5: No | B5: 품 명 | E5: 카 드 | F5: 현 금 | G5: 합 계 | H5: 품 명 | I5: 카 드 | J5: 현 금 | K5: 합 계 | L5: 일 합 계 | N5: 마 진
A6: 1 | G6: =E6+F6 -> 0 | K6: =I6+J6 -> 0
A7: 2 | G7: =E7+F7 -> 0 | K7: =I7+J7 -> 0
A8: 3 | G8: =E8+F8 -> 0 | K8: =I8+J8 -> 0
A9: 4 | G9: =E9+F9 -> 0 | K9: =I9+J9 -> 0
A10: 5 | G10: =E10+F10 -> 0 | K10: =I10+J10 -> 0
A11: 6 | G11: =E11+F11 -> 0 | K11: =I11+J11 -> 0
A12: 7 | G12: =E12+F12 -> 0 | K12: =I12+J12 -> 0
A13: 8 | G13: =E13+F13 -> 0 | K13: =I13+J13 -> 0
A14: 9 | G14: =E14+F14 -> 0 | K14: =I14+J14 -> 0
A15: 10 | G15: =E15+F15 -> 0 | K15: =I15+J15 -> 0
A16: 11 | G16: =E16+F16 -> 0 | K16: =I16+J16 -> 0
A17: 12 | G17: =E17+F17 -> 0 | K17: =I17+J17 -> 0
... A25: 20 | G25: =E25+F25 -> 0 | K25: =I25+J25 -> 0
B26: 합 계 | E26: =SUM(E6:E25) -> 0 | F26: =SUM(F6:F25) -> 0 | G26: =E26+F26 -> 0 | I26: =SUM(I6:I25) -> 0 | J26: =SUM(J6:J25) -> 0 | K26: =I26+J26 -> 0 | L26: =G26+K26 -> 0 | N26: =SUM(N6:N25) -> 0
I27: =E26+I26 -> 0 | J27: =F26+J26 -> 0 | L27: =K28/30 -> 0
I28: ='6월29일'!I28+I27 -> 0 | J28: ='6월29일'!J28+J27 -> 0 | K28: ='6월29일'!K28+L26 -> 0 | L28: ='6월29일'!L28+L26 -> 0 | O28: ='6월29일'!O28+N26 -> 0
I29: =I28/K28 -> #DIV/0!
