Workbook

Sheet 5월 종합
A2: 📊 2026년 5월 매출 종합 대시보드
A5: 날짜 | B5: 카드 매출 (KRW) | C5: 현금 매출 (KRW) | D5: 일일 총 합계 (KRW) | E5: 고객수
A6: 5월 1일(금) | B6: ='5월1일'!I27 | C6: ='5월1일'!J27 | D6: ='5월1일'!L26 | E6: =COUNTA('5월1일'!B6:B25)+COUNTA('5월1일'!H6:H25)
A7: 5월 2일(토) | B7: ='5월2일'!I27 | C7: ='5월2일'!J27 | D7: ='5월2일'!L26 | E7: =COUNTA('5월2일'!B6:B25)+COUNTA('5월2일'!H6:H25)
A8: 5월 3일(일) | B8: ='5월3일'!I27 | C8: ='5월3일'!J27 | D8: ='5월3일'!L26 | E8: =COUNTA('5월3일'!B6:B25)+COUNTA('5월3일'!H6:H25)
A9: 5월 4일(월) | B9: ='5월4일'!I27 | C9: ='5월4일'!J27 | D9: ='5월4일'!L26 | E9: =COUNTA('5월4일'!B6:B25)+COUNTA('5월4일'!H6:H25)
A10: 5월 5일(화) | B10: ='5월5일'!I27 | C10: ='5월5일'!J27 | D10: ='5월5일'!L26 | E10: =COUNTA('5월5일'!B6:B25)+COUNTA('5월5일'!H6:H25)
A11: 5월 6일(수) | B11: ='5월6일'!I33 | C11: ='5월6일'!J33 | D11: ='5월6일'!L32 | E11: =COUNTA('5월6일'!B6:B25)+COUNTA('5월6일'!H6:H25)
A12: 5월 7일(목) | B12: ='5월7일'!I27 | C12: ='5월7일'!J27 | D12: ='5월7일'!L26 | E12: =COUNTA('5월7일'!B6:B25)+COUNTA('5월7일'!H6:H25)
A13: 5월 8일(금) | B13: ='5월8일'!I27 | C13: ='5월8일'!J27 | D13: ='5월8일'!L26 | E13: =COUNTA('5월8일'!B6:B25)+COUNTA('5월8일'!H6:H25)
A14: 5월 9일(토) | B14: ='5월9일'!I27 | C14: ='5월9일'!J27 | D14: ='5월9일'!L26 | E14: =COUNTA('5월9일'!B6:B25)+COUNTA('5월9일'!H6:H25)
A15: 5월 10일(일) | B15: ='5월10일'!I27 | C15: ='5월10일'!J27 | D15: ='5월10일'!L26 | E15: =COUNTA('5월10일'!B6:B25)+COUNTA('5월10일'!H6:H25)
A16: 5월 11일(월) | B16: ='5월11일'!I27 | C16: ='5월11일'!J27 | D16: ='5월11일'!L26 | E16: =COUNTA('5월11일'!B6:B25)+COUNTA('5월11일'!H6:H25)
A17: 5월 12일(화) | B17: ='5월12일'!I27 | C17: ='5월12일'!J27 | D17: ='5월12일'!L26 | E17: =COUNTA('5월12일'!B6:B25)+COUNTA('5월12일'!H6:H25)
A18: 5월 13일(수) | B18: ='5월13일'!I27 | C18: ='5월13일'!J27 | D18: ='5월13일'!L26 | E18: =COUNTA('5월13일'!B6:B25)+COUNTA('5월13일'!H6:H25)
A19: 5월 14일(목) | B19: ='5월14일'!I27 | C19: ='5월14일'!J27 | D19: ='5월14일'!L26 | E19: =COUNTA('5월14일'!B6:B25)+COUNTA('5월14일'!H6:H25)
A20: 5월 15일(금) | B20: ='5월15일'!I27 | C20: ='5월15일'!J27 | D20: ='5월15일'!L26 | E20: =COUNTA('5월15일'!B6:B25)+COUNTA('5월15일'!H6:H25)
A21: 5월 16일(토) | B21: ='5월16일'!I27 | C21: ='5월16일'!J27 | D21: ='5월16일'!L26 | E21: =COUNTA('5월16일'!B6:B25)+COUNTA('5월16일'!H6:H25)
A22: 5월 17일(일) | B22: ='5월17일'!I27 | C22: ='5월17일'!J27 | D22: ='5월17일'!L26 | E22: =COUNTA('5월17일'!B6:B25)+COUNTA('5월17일'!H6:H25)
A23: 5월 18일(월) | B23: ='5월18일'!I27 | C23: ='5월18일'!J27 | D23: ='5월18일'!L26 | E23: =COUNTA('5월18일'!B6:B25)+COUNTA('5월18일'!H6:H25)
A24: 5월 19일(화) | B24: ='5월19일'!I27 | C24: ='5월19일'!J27 | D24: ='5월19일'!L26 | E24: =COUNTA('5월19일'!B6:B25)+COUNTA('5월19일'!H6:H25)
A25: 5월 20일(수) | B25: ='5월20일'!I27 | C25: ='5월20일'!J27 | D25: ='5월20일'!L26 | E25: =COUNTA('5월20일'!B6:B25)+COUNTA('5월20일'!H6:H25)
A26: 5월 21일(목) | B26: ='5월21일'!I27 | C26: ='5월21일'!J27 | D26: ='5월21일'!L26 | E26: =COUNTA('5월21일'!B6:B25)+COUNTA('5월21일'!H6:H25)
A27: 5월 22일(금) | B27: ='5월22일'!I27 | C27: ='5월22일'!J27 | D27: ='5월22일'!L26 | E27: =COUNTA('5월22일'!B6:B25)+COUNTA('5월22일'!H6:H25) | F27: 입대료 | G27: 전기세 | H27: 전화 | I27: 정수기 | J27: 택배비 | K27: 물건값 | L27: 기타(식대) | M27: 비고 | N27: 합계
A28: 5월 23일(토) | B28: ='5월23일'!I27 | C28: ='5월23일'!J27 | D28: ='5월23일'!L26 | E28: =COUNTA('5월23일'!B6:B25)+COUNTA('5월23일'!H6:H25) | F28: 1400000 | G28: 300000 | H28: 5000 | I28: 25000 | J28: 50000 | K28: 6000000 | N28: =SUM(F28:M28)
A29: 5월 24일(일) | B29: ='5월24일'!I27 | C29: ='5월24일'!J27 | D29: ='5월24일'!L26 | E29: =COUNTA('5월24일'!B6:B25)+COUNTA('5월24일'!H6:H25)
A30: 5월 25일(월) | B30: ='5월25일'!I27 | C30: ='5월25일'!J27 | D30: ='5월25일'!L26 | E30: =COUNTA('5월25일'!B6:B25)+COUNTA('5월25일'!H6:H25)
A31: 5월 26일(화) | B31: ='5월26일'!I27 | C31: ='5월26일'!J27 | D31: ='5월26일'!L26 | E31: =COUNTA('5월26일'!B6:B25)+COUNTA('5월26일'!H6:H25)
A32: 5월 27일(수) | B32: ='5월27일'!I27 | C32: ='5월27일'!J27 | D32: ='5월27일'!L26 | E32: =COUNTA('5월27일'!B6:B25)+COUNTA('5월27일'!H6:H25)
A33: 5월 28일(목) | B33: ='5월28일'!I27 | C33: ='5월28일'!J27 | D33: ='5월28일'!L26 | E33: =COUNTA('5월28일'!B6:B25)+COUNTA('5월28일'!H6:H25)
A34: 5월 29일(금) | B34: ='5월29일'!I27 | C34: ='5월29일'!J27 | D34: ='5월29일'!L26 | E34: =COUNTA('5월29일'!B6:B25)+COUNTA('5월29일'!H6:H25)
A35: 5월 30일(토) | B35: ='5월30일'!I27 | C35: ='5월30일'!J27 | D35: ='5월30일'!L26 | E35: =COUNTA('5월30일'!B6:B25)+COUNTA('5월30일'!H6:H25)
A36: 5월 31일(일) | B36: ='5월31일'!I27 | C36: ='5월31일'!J27 | D36: ='5월31일'!L26 | E36: =COUNTA('5월31일'!B6:B25)+COUNTA('5월31일'!H6:H25)
A37: 월 총 합계 | B37: =SUM(B6:B36) | C37: =SUM(C6:C36) | D37: =SUM(D6:D36) | E37: =SUM(E6:E36)
B38: 카드 | C38: 현금 | F38: =D37-N28
B39: =B37/D37 | C39: =C37/D37 | D39: =D37/31

Sheet 5월1일
A1: (05월) 일 일 매 출 일 지
K4: 2026-05-01(금)
A5: No | B5: 품 명 | E5: 카 드 | F5: 현 금 | G5: 합 계 | H5: 품 명 | I5: 카 드 | J5: 현 금 | K5: 합 계 | L5: 일 합 계 | N5: 마 진
A6: 1 | B6: 제이디엑스티,김영주티,여라운드2 | E6: 160000 | G6: =E6+F6 | H6: 김영주반팔,조르지오,청바지2 | I6: 104000 | K6: =I6+J6
A7: 2 | G7: =E7+F7 | K7: =I7+J7
A8: 3 | G8: =E8+F8 | K8: =I8+J8
A9: 4 | G9: =E9+F9 | K9: =I9+J9
A10: 5 | G10: =E10+F10 | K10: =I10+J10
A11: 6 | G11: =E11+F11 | K11: =I11+J11
A12: 7 | G12: =E12+F12 | K12: =I12+J12
A13: 8 | G13: =E13+F13 | K13: =I13+J13
A14: 9 | G14: =E14+F14 | K14: =I14+J14
A15: 10 | G15: =E15+F15 | K15: =I15+J15
A16: 11 | G16: =E16+F16 | K16: =I16+J16
A17: 12 | G17: =E17+F17 | K17: =I17+J17
A18: 13 | G18: =E18+F18 | K18: =I18+J18
... A25: 20 | G25: =E25+F25 | K25: =I25+J25
B26: 합 계 | E26: =SUM(E6:E25) | F26: =SUM(F6:F25) | G26: =E26+F26 | I26: =SUM(I6:I25) | J26: =SUM(J6:J25) | K26: =I26+J26 | L26: =G26+K26 | N26: =SUM(N6:N25)
I27: =E26+I26 | J27: =F26+J26 | L27: =K28/1
I28: =I27 | J28: =J27 | K28: =L26 | L28: =L26 | O28: =N26
I29: =I28/K28

Sheet 5월2일
A1: (05월) 일 일 매 출 일 지
K4: 2026-05-02(토)
A5: No | B5: 품 명 | E5: 카 드 | F5: 현 금 | G5: 합 계 | H5: 품 명 | I5: 카 드 | J5: 현 금 | K5: 합 계 | L5: 일 합 계 | N5: 마 진
A6: 1 | B6: 망사조끼2 | F6: 20000 | G6: =E6+F6 | H6: 김영주바람막이,JDX바람막이 김영주카라티,조르지오티,JDX카라티 | I6: 250000 | K6: =I6+J6
A7: 2 | B7: 남바지3 | F7: 45000 | G7: =E7+F7 | H7: 냉츄리닝 | I7: 15000 | K7: =I7+J7
A8: 3 | B8: 슬레진져조끼2 | E8: 50000 | G8: =E8+F8 | H8: 김영주티 | I8: 39000 | K8: =I8+J8
A9: 4 | B9: 남청바지2,남바지2 | E9: 70000 | G9: =E9+F9 | K9: =I9+J9
A10: 5 | G10: =E10+F10 | K10: =I10+J10
A11: 6 | G11: =E11+F11 | K11: =I11+J11
A12: 7 | G12: =E12+F12 | K12: =I12+J12
A13: 8 | G13: =E13+F13 | K13: =I13+J13
A14: 9 | G14: =E14+F14 | K14: =I14+J14
A15: 10 | G15: =E15+F15 | K15: =I15+J15
A16: 11 | G16: =E16+F16 | K16: =I16+J16
A17: 12 | G17: =E17+F17 | K17: =I17+J17
A18: 13 | G18: =E18+F18 | K18: =I18+J18
A19: 14 | G19: =E19+F19 | K19: =I19+J19
A20: 15 | G20: =E20+F20 | K20: =I20+J20
A21: 16 | G21: =E21+F21 | K21: =I21+J21
... A25: 20 | G25: =E25+F25 | K25: =I25+J25
B26: 합 계 | E26: =SUM(E6:E25) | F26: =SUM(F6:F25) | G26: =E26+F26 | I26: =SUM(I6:I25) | J26: =SUM(J6:J25) | K26: =I26+J26 | L26: =G26+K26 | N26: =SUM(N6:N25)
I27: =E26+I26 | J27: =F26+J26 | L27: =K28/2
I28: ='5월1일'!I28+I27 | J28: ='5월1일'!J28+J27 | K28: ='5월1일'!K28+L26 | L28: ='5월1일'!L28+L26 | O28: ='5월1일'!O28+N26
I29: =I28/K28

Sheet 5월3일
A1: (05월) 일 일 매 출 일 지
K4: 2026-05-03(일)
A5: No | B5: 품 명 | E5: 카 드 | F5: 현 금 | G5: 합 계 | H5: 품 명 | I5: 카 드 | J5: 현 금 | K5: 합 계 | L5: 일 합 계 | N5: 마 진
A6: 1 | B6: 라운드티3 | E6: 75000 | G6: =E6+F6 | H6: 여브이넥,남조끼 | I6: 55000 | K6: =I6+J6
A7: 2 | B7: 스프리스바람막이,색바랜청바지2 | E7: 55000 | G7: =E7+F7 | H7: 김영주바지,JDX바지,김영주티2 JDX카라티 | J7: 230000 | K7: =I7+J7
A8: 3 | B8: 망사조끼 | E8: 18000 | G8: =E8+F8 | H8: 김영주반팔티 | I8: 29000 | K8: =I8+J8
A9: 4 | B9: 청바지,여반목티 | E9: 30000 | G9: =E9+F9 | K9: =I9+J9
A10: 5 | B10: 조르지오여티,이원재여티2,이너 웨어,스프리스바람막이,남티 김영주남티,츄리닝2,토시 | F10: 202000 | G10: =E10+F10 | K10: =I10+J10
A11: 6 | G11: =E11+F11 | K11: =I11+J11
A12: 7 | G12: =E12+F12 | K12: =I12+J12
A13: 8 | G13: =E13+F13 | K13: =I13+J13
A14: 9 | G14: =E14+F14 | K14: =I14+J14
A15: 10 | G15: =E15+F15 | K15: =I15+J15
A16: 11 | G16: =E16+F16 | K16: =I16+J16
A17: 12 | G17: =E17+F17 | K17: =I17+J17
A18: 13 | G18: =E18+F18 | K18: =I18+J18
A19: 14 | G19: =E19+F19 | K19: =I19+J19
A20: 15 | G20: =E20+F20 | K20: =I20+J20
A21: 16 | G21: =E21+F21 | K21: =I21+J21
A22: 17 | G22: =E22+F22 | K22: =I22+J22
... A25: 20 | G25: =E25+F25 | K25: =I25+J25
B26: 합 계 | E26: =SUM(E6:E25) | F26: =SUM(F6:F25) | G26: =E26+F26 | I26: =SUM(I6:I25) | J26: =SUM(J6:J25) | K26: =I26+J26 | L26: =G26+K26 | N26: =SUM(N6:N25)
I27: =E26+I26 | J27: =F26+J26 | L27: =K28/3
I28: ='5월2일'!I28+I27 | J28: ='5월2일'!J28+J27 | K28: ='5월2일'!K28+L26 | L28: ='5월2일'!L28+L26 | O28: ='5월2일'!O28+N26
I29: =I28/K28

Sheet 5월4일
A1: (05월) 일 일 매 출 일 지
K4: 2026-05-04(월)
A5: No | B5: 품 명 | E5: 카 드 | F5: 현 금 | G5: 합 계 | H5: 품 명 | I5: 카 드 | J5: 현 금 | K5: 합 계 | L5: 일 합 계 | N5: 마 진
A6: 1 | B6: 남카라티2 | E6: 20000 | G6: =E6+F6 | H6: 남청바지 | I6: 20000 | K6: =I6+J6
A7: 2 | G7: =E7+F7 | K7: =I7+J7
A8: 3 | G8: =E8+F8 | K8: =I8+J8
A9: 4 | G9: =E9+F9 | K9: =I9+J9
A10: 5 | G10: =E10+F10 | K10: =I10+J10
A11: 6 | G11: =E11+F11 | K11: =I11+J11
A12: 7 | G12: =E12+F12 | K12: =I12+J12
A13: 8 | G13: =E13+F13 | K13: =I13+J13
A14: 9 | G14: =E14+F14 | K14: =I14+J14
A15: 10 | G15: =E15+F15 | K15: =I15+J15
A16: 11 | G16: =E16+F16 | K16: =I16+J16
A17: 12 | G17: =E17+F17 | K17: =I17+J17
A18: 13 | G18: =E18+F18 | K18: =I18+J18
... A25: 20 | G25: =E25+F25 | K25: =I25+J25
B26: 합 계 | E26: =SUM(E6:E25) | F26: =SUM(F6:F25) | G26: =E26+F26 | I26: =SUM(I6:I25) | J26: =SUM(J6:J25) | K26: =I26+J26 | L26: =G26+K26 | N26: =SUM(N6:N25)
I27: =E26+I26 | J27: =F26+J26 | L27: =K28/4
I28: ='5월3일'!I28+I27 | J28: ='5월3일'!J28+J27 | K28: ='5월3일'!K28+L26 | L28: ='5월3일'!L28+L26 | O28: ='5월3일'!O28+N26
I29: =I28/K28

Sheet 5월5일
A1: (05월) 일 일 매 출 일 지
K4: 2026-05-05(화)
A5: No | B5: 품 명 | E5: 카 드 | F5: 현 금 | G5: 합 계 | H5: 품 명 | I5: 카 드 | J5: 현 금 | K5: 합 계 | L5: 일 합 계 | N5: 마 진
A6: 1 | B6: 몸빼2 | E6: 10000 | G6: =E6+F6 | H6: 냉츄리닝,색바랜바람막이 | I6: 25000 | K6: =I6+J6
A7: 2 | B7: 남바지2,이원재카라티2 | E7: 60000 | G7: =E7+F7 | H7: 양말2 | I7: 2000 | K7: =I7+J7
A8: 3 | B8: 조르지오카라티,이너웨어 | E8: 50000 | G8: =E8+F8 | H8: 남조끼,두건2 | I8: 45000 | K8: =I8+J8
A9: 4 | G9: =E9+F9 | K9: =I9+J9
A10: 5 | G10: =E10+F10 | K10: =I10+J10
A11: 6 | G11: =E11+F11 | K11: =I11+J11
A12: 7 | G12: =E12+F12 | K12: =I12+J12
A13: 8 | G13: =E13+F13 | K13: =I13+J13
A14: 9 | G14: =E14+F14 | K14: =I14+J14
A15: 10 | G15: =E15+F15 | K15: =I15+J15
A16: 11 | G16: =E16+F16 | K16: =I16+J16
A17: 12 | G17: =E17+F17 | K17: =I17+J17
A18: 13 | G18: =E18+F18 | K18: =I18+J18
A19: 14 | G19: =E19+F19 | K19: =I19+J19
A20: 15 | G20: =E20+F20 | K20: =I20+J20
... A25: 20 | G25: =E25+F25 | K25: =I25+J25
B26: 합 계 | E26: =SUM(E6:E25) | F26: =SUM(F6:F25) | G26: =E26+F26 | I26: =SUM(I6:I25) | J26: =SUM(J6:J25) | K26: =I26+J26 | L26: =G26+K26 | N26: =SUM(N6:N25)
I27: =E26+I26 | J27: =F26+J26 | L27: =K28/5
I28: ='5월4일'!I28+I27 | J28: ='5월4일'!J28+J27 | K28: ='5월4일'!K28+L26 | L28: ='5월4일'!L28+L26 | O28: ='5월4일'!O28+N26
I29: =I28/K28

Sheet 5월6일
A1: (05월) 일 일 매 출 일 지
K4: 2026-05-06(수)
A5: No | B5: 품 명 | E5: 카 드 | F5: 현 금 | G5: 합 계 | H5: 품 명 | I5: 카 드 | J5: 현 금 | K5: 합 계 | L5: 일 합 계 | N5: 마 진
A6: 1 | B6: 쟌바지,나이키라운드티 | E6: 60000 | G6: =E6+F6 | H6: JDX티,이원재티,여브이넥,김영주바지2,벨트 | I6: 200000 | K6: =I6+J6
A7: 2 | B7: 남라운드티,토시 | E7: 15000 | G7: =E7+F7 | K7: =I7+J7
A8: 3 | G8: =E8+F8 | K8: =I8+J8
A9: 4 | G9: =E9+F9 | K9: =I9+J9
A10: 5 | G10: =E10+F10 | K10: =I10+J10
A11: 6 | G11: =E11+F11 | K11: =I11+J11
A12: 7 | G12: =E12+F12 | K12: =I12+J12
A13: 8 | G13: =E13+F13 | K13: =I13+J13
A14: 9 | G14: =E14+F14 | K14: =I14+J14
A15: 10 | G15: =E15+F15 | K15: =I15+J15
A16: 11 | G16: =E16+F16 | K16: =I16+J16
A17: 12 | G17: =E17+F17 | K17: =I17+J17
A18: 13 | G18: =E18+F18 | K18: =I18+J18
A19: 14 | G19: =E19+F19 | K19: =I19+J19
... A31: 26 | G31: =E31+F31 | K31: =I31+J31
B32: 합 계 | E32: =SUM(E6:E31) | F32: =SUM(F6:F31) | G32: =E32+F32 | I32: =SUM(I6:I31) | J32: =SUM(J6:J31) | K32: =I32+J32 | L32: =G32+K32 | N32: =SUM(N6:N31)
I33: =E32+I32 | J33: =F32+J32 | L33: =K34/6
I34: ='5월5일'!I28+I33 | J34: ='5월5일'!J28+J33 | K34: ='5월5일'!K28+L32 | L34: ='5월5일'!L28+L32 | O34: ='5월5일'!O28+N32
I35: =I34/K34

Sheet 5월7일
A1: (05월) 일 일 매 출 일 지
K4: 2026-05-07(목)
A5: No | B5: 품 명 | E5: 카 드 | F5: 현 금 | G5: 합 계 | H5: 품 명 | I5: 카 드 | J5: 현 금 | K5: 합 계 | L5: 일 합 계 | N5: 마 진
A6: 1 | B6: 김영주바람막이 | E6: 55000 | G6: =E6+F6 | H6: 색바랜베낭(소형),몸빼 | I6: 15000 | K6: =I6+J6
A7: 2 | B7: 남바지 | E7: 15000 | G7: =E7+F7 | H7: 청바지,남바지,나이키라운드티2 김영주바지 | I7: 130000 | K7: =I7+J7
A8: 3 | G8: =E8+F8 | K8: =I8+J8
A9: 4 | G9: =E9+F9 | K9: =I9+J9
A10: 5 | G10: =E10+F10 | K10: =I10+J10
A11: 6 | G11: =E11+F11 | K11: =I11+J11
A12: 7 | G12: =E12+F12 | K12: =I12+J12
A13: 8 | G13: =E13+F13 | K13: =I13+J13
A14: 9 | G14: =E14+F14 | K14: =I14+J14
A15: 10 | G15: =E15+F15 | K15: =I15+J15
A16: 11 | G16: =E16+F16 | K16: =I16+J16
A17: 12 | G17: =E17+F17 | K17: =I17+J17
A18: 13 | G18: =E18+F18 | K18: =I18+J18
A19: 14 | G19: =E19+F19 | K19: =I19+J19
... A25: 20 | G25: =E25+F25 | K25: =I25+J25
B26: 합 계 | E26: =SUM(E6:E25) | F26: =SUM(F6:F25) | G26: =E26+F26 | I26: =SUM(I6:I25) | J26: =SUM(J6:J25) | K26: =I26+J26 | L26: =G26+K26 | N26: =SUM(N6:N25)
I27: =E26+I26 | J27: =F26+J26 | L27: =K28/7
I28: ='5월6일'!I34+I27 | J28: ='5월6일'!J34+J27 | K28: ='5월6일'!K34+L26 | L28: ='5월6일'!L34+L26 | O28: ='5월6일'!O34+N26
I29: =I28/K28

Sheet 5월8일
A1: (05월) 일 일 매 출 일 지
K4: 2026-05-08(금)
A5: No | B5: 품 명 | E5: 카 드 | F5: 현 금 | G5: 합 계 | H5: 품 명 | I5: 카 드 | J5: 현 금 | K5: 합 계 | L5: 일 합 계 | N5: 마 진
A6: 1 | B6: 이원재 반팔 | E6: 29000 | G6: =E6+F6 | H6: 긴팔3,양말2 | I6: 50000 | K6: =I6+J6
A7: 2 | B7: 야크반팔 | E7: 49000 | G7: =E7+F7 | H7: 티,반팔,바지,김영주반팔 | I7: 74000 | K7: =I7+J7
A8: 3 | G8: =E8+F8 | K8: =I8+J8
A9: 4 | G9: =E9+F9 | K9: =I9+J9
A10: 5 | G10: =E10+F10 | K10: =I10+J10
A11: 6 | G11: =E11+F11 | K11: =I11+J11
A12: 7 | G12: =E12+F12 | K12: =I12+J12
A13: 8 | G13: =E13+F13 | K13: =I13+J13
A14: 9 | G14: =E14+F14 | K14: =I14+J14
A15: 10 | G15: =E15+F15 | K15: =I15+J15
A16: 11 | G16: =E16+F16 | K16: =I16+J16
A17: 12 | G17: =E17+F17 | K17: =I17+J17
A18: 13 | G18: =E18+F18 | K18: =I18+J18
A19: 14 | G19: =E19+F19 | K19: =I19+J19
... A25: 20 | G25: =E25+F25 | K25: =I25+J25
B26: 합 계 | E26: =SUM(E6:E25) | F26: =SUM(F6:F25) | G26: =E26+F26 | I26: =SUM(I6:I25) | J26: =SUM(J6:J25) | K26: =I26+J26 | L26: =G26+K26 | N26: =SUM(N6:N25)
I27: =E26+I26 | J27: =F26+J26 | L27: =K28/8
I28: ='5월7일'!I28+I27 | J28: ='5월7일'!J28+J27 | K28: ='5월7일'!K28+L26 | L28: ='5월7일'!L28+L26 | O28: ='5월7일'!O28+N26
I29: =I28/K28

Sheet 5월9일
A1: (05월) 일 일 매 출 일 지
K4: 2026-05-09(토)
A5: No | B5: 품 명 | E5: 카 드 | F5: 현 금 | G5: 합 계 | H5: 품 명 | I5: 카 드 | J5: 현 금 | K5: 합 계 | L5: 일 합 계 | N5: 마 진
A6: 1 | B6: 데니스카라티 | E6: 49000 | G6: =E6+F6 | H6: 벨트,김영주반팔티,조르지오긴티 몽피크바자,나이키츄리닝바지 | I6: 170000 | K6: =I6+J6
A7: 2 | B7: 거미반바지,나이키라운드티 | E7: 55000 | G7: =E7+F7 | H7: 김영주티,조르지오티 | I7: 70000 | K7: =I7+J7
A8: 3 | B8: 밀리자켓,밀리바지,망사조끼(당근) | E8: 50000 | G8: =E8+F8 | K8: =I8+J8
A9: 4 | G9: =E9+F9 | K9: =I9+J9
A10: 5 | G10: =E10+F10 | K10: =I10+J10
A11: 6 | G11: =E11+F11 | K11: =I11+J11
A12: 7 | G12: =E12+F12 | K12: =I12+J12
A13: 8 | G13: =E13+F13 | K13: =I13+J13
A14: 9 | G14: =E14+F14 | K14: =I14+J14
A15: 10 | G15: =E15+F15 | K15: =I15+J15
A16: 11 | G16: =E16+F16 | K16: =I16+J16
A17: 12 | G17: =E17+F17 | K17: =I17+J17
A18: 13 | G18: =E18+F18 | K18: =I18+J18
A19: 14 | G19: =E19+F19 | K19: =I19+J19
A20: 15 | G20: =E20+F20 | K20: =I20+J20
... A25: 20 | G25: =E25+F25 | K25: =I25+J25
B26: 합 계 | E26: =SUM(E6:E25) | F26: =SUM(F6:F25) | G26: =E26+F26 | I26: =SUM(I6:I25) | J26: =SUM(J6:J25) | K26: =I26+J26 | L26: =G26+K26 | N26: =SUM(N6:N25)
I27: =E26+I26 | J27: =F26+J26 | L27: =K28/9
I28: ='5월8일'!I28+I27 | J28: ='5월8일'!J28+J27 | K28: ='5월8일'!K28+L26 | L28: ='5월8일'!L28+L26 | O28: ='5월8일'!O28+N26
I29: =I28/K28

Sheet 5월10일
A1: (05월) 일 일 매 출 일 지
K4: 2026-05-10(일)
A5: No | B5: 품 명 | E5: 카 드 | F5: 현 금 | G5: 합 계 | H5: 품 명 | I5: 카 드 | J5: 현 금 | K5: 합 계 | L5: 일 합 계 | N5: 마 진
A6: 1 | B6: CP반팔티2,김영주카라키 | E6: 59000 | G6: =E6+F6 | H6: 몸빼,엘르티,JDX체크바지2,JDX티 | I6: 120000 | J6: 100000 | K6: =I6+J6
A7: 2 | B7: JDX가을자켓 | E7: 69000 | G7: =E7+F7 | H7: 색바랜청바지2,남긴티2 | I7: 40000 | K7: =I7+J7
A8: 3 | B8: KDX카라티,청바지2,여이너웨어 | F8: 130000 | G8: =E8+F8 | K8: =I8+J8
A9: 4 | G9: =E9+F9 | K9: =I9+J9
A10: 5 | G10: =E10+F10 | K10: =I10+J10
A11: 6 | G11: =E11+F11 | K11: =I11+J11
A12: 7 | G12: =E12+F12 | K12: =I12+J12
A13: 8 | G13: =E13+F13 | K13: =I13+J13
A14: 9 | G14: =E14+F14 | K14: =I14+J14
A15: 10 | G15: =E15+F15 | K15: =I15+J15
A16: 11 | G16: =E16+F16 | K16: =I16+J16
A17: 12 | G17: =E17+F17 | K17: =I17+J17
A18: 13 | G18: =E18+F18 | K18: =I18+J18
A19: 14 | G19: =E19+F19 | K19: =I19+J19
A20: 15 | G20: =E20+F20 | K20: =I20+J20
... A25: 20 | G25: =E25+F25 | K25: =I25+J25
B26: 합 계 | E26: =SUM(E6:E25) | F26: =SUM(F6:F25) | G26: =E26+F26 | I26: =SUM(I6:I25) | J26: =SUM(J6:J25) | K26: =I26+J26 | L26: =G26+K26 | N26: =SUM(N6:N25)
I27: =E26+I26 | J27: =F26+J26 | L27: =K28/10
I28: ='5월9일'!I28+I27 | J28: ='5월9일'!J28+J27 | K28: ='5월9일'!K28+L26 | L28: ='5월9일'!L28+L26 | O28: ='5월9일'!O28+N26
I29: =I28/K28

Sheet 5월11일
A1: (05월) 일 일 매 출 일 지
K4: 2026-05-11(월)
A5: No | B5: 품 명 | E5: 카 드 | F5: 현 금 | G5: 합 계 | H5: 품 명 | I5: 카 드 | J5: 현 금 | K5: 합 계 | L5: 일 합 계 | N5: 마 진
A6: 1 | B6: 김영주카라티,모자,남바지 | E6: 55000 | G6: =E6+F6 | H6: 남티3 | J6: 30000 | K6: =I6+J6
A7: 2 | B7: 츄리닝 | E7: 15000 | G7: =E7+F7 | H7: 남티2,츄리닝 | I7: 35000 | K7: =I7+J7
A8: 3 | G8: =E8+F8 | K8: =I8+J8
A9: 4 | G9: =E9+F9 | K9: =I9+J9
A10: 5 | G10: =E10+F10 | K10: =I10+J10
A11: 6 | G11: =E11+F11 | K11: =I11+J11
A12: 7 | G12: =E12+F12 | K12: =I12+J12
A13: 8 | G13: =E13+F13 | K13: =I13+J13
A14: 9 | G14: =E14+F14 | K14: =I14+J14
A15: 10 | G15: =E15+F15 | K15: =I15+J15
A16: 11 | G16: =E16+F16 | K16: =I16+J16
A17: 12 | G17: =E17+F17 | K17: =I17+J17
A18: 13 | G18: =E18+F18 | K18: =I18+J18
A19: 14 | G19: =E19+F19 | K19: =I19+J19
... A25: 20 | G25: =E25+F25 | K25: =I25+J25
B26: 합 계 | E26: =SUM(E6:E25) | F26: =SUM(F6:F25) | G26: =E26+F26 | I26: =SUM(I6:I25) | J26: =SUM(J6:J25) | K26: =I26+J26 | L26: =G26+K26 | N26: =SUM(N6:N25)
I27: =E26+I26 | J27: =F26+J26 | L27: =K28/11
I28: ='5월10일'!I28+I27 | J28: ='5월10일'!J28+J27 | K28: ='5월10일'!K28+L26 | L28: ='5월10일'!L28+L26 | O28: ='5월10일'!O28+N26
I29: =I28/K28

Sheet 5월12일
A1: (05월) 일 일 매 출 일 지
K4: 2026-05-12(화)
A5: No | B5: 품 명 | E5: 카 드 | F5: 현 금 | G5: 합 계 | H5: 품 명 | I5: 카 드 | J5: 현 금 | K5: 합 계 | L5: 일 합 계 | N5: 마 진
A6: 1 | B6: 건빵청바지 | E6: 20000 | G6: =E6+F6 | H6: 엘르티,남티2,김영주조끼 | J6: 70000 | K6: =I6+J6
A7: 2 | B7: 벨트2 | F7: 10000 | G7: =E7+F7 | H7: 츄리닝2 | J7: 30000 | K7: =I7+J7
A8: 3 | B8: 남긴티.몸빼 | E8: 15000 | G8: =E8+F8 | H8: 츄리닝,인디안티,김영주티 | I8: 90000 | K8: =I8+J8
A9: 4 | G9: =E9+F9 | K9: =I9+J9
A10: 5 | G10: =E10+F10 | K10: =I10+J10
A11: 6 | G11: =E11+F11 | K11: =I11+J11
A12: 7 | G12: =E12+F12 | K12: =I12+J12
A13: 8 | G13: =E13+F13 | K13: =I13+J13
A14: 9 | G14: =E14+F14 | K14: =I14+J14
A15: 10 | G15: =E15+F15 | K15: =I15+J15
A16: 11 | G16: =E16+F16 | K16: =I16+J16
A17: 12 | G17: =E17+F17 | K17: =I17+J17
A18: 13 | G18: =E18+F18 | K18: =I18+J18
A19: 14 | G19: =E19+F19 | K19: =I19+J19
A20: 15 | G20: =E20+F20 | K20: =I20+J20
... A25: 20 | G25: =E25+F25 | K25: =I25+J25
B26: 합 계 | E26: =SUM(E6:E25) | F26: =SUM(F6:F25) | G26: =E26+F26 | I26: =SUM(I6:I25) | J26: =SUM(J6:J25) | K26: =I26+J26 | L26: =G26+K26 | N26: =SUM(N6:N25)
I27: =E26+I26 | J27: =F26+J26 | L27: =K28/12
I28: ='5월11일'!I28+I27 | J28: ='5월11일'!J28+J27 | K28: ='5월11일'!K28+L26 | L28: ='5월11일'!L28+L26 | O28: ='5월11일'!O28+N26
I29: =I28/K28

Sheet 5월13일
A1: (05월) 일 일 매 출 일 지
K4: 2026-05-13(수)
A5: No | B5: 품 명 | E5: 카 드 | F5: 현 금 | G5: 합 계 | H5: 품 명 | I5: 카 드 | J5: 현 금 | K5: 합 계 | L5: 일 합 계 | N5: 마 진
A6: 1 | B6: 조거건빵바지2,남티2,망사조끼 버팔로조끼 | E6: 105000 | G6: =E6+F6 | H6: 인디안남방,청바지 | I6: 55000 | J6: 20000 | K6: =I6+J6
A7: 2 | B7: 망사조끼2,남티2 | E7: 40000 | G7: =E7+F7 | H7: JDX여바람막이 | J7: 50000 | K7: =I7+J7
A8: 3 | B8: 김영주브이조끼,김영주골프조끼 | E8: 68000 | G8: =E8+F8 | H8: 김영주바지 | I8: 39000 | K8: =I8+J8
A9: 4 | G9: =E9+F9 | K9: =I9+J9
A10: 5 | G10: =E10+F10 | K10: =I10+J10
A11: 6 | G11: =E11+F11 | K11: =I11+J11
A12: 7 | G12: =E12+F12 | K12: =I12+J12
A13: 8 | G13: =E13+F13 | K13: =I13+J13
A14: 9 | G14: =E14+F14 | K14: =I14+J14
A15: 10 | G15: =E15+F15 | K15: =I15+J15
A16: 11 | G16: =E16+F16 | K16: =I16+J16
A17: 12 | G17: =E17+F17 | K17: =I17+J17
A18: 13 | G18: =E18+F18 | K18: =I18+J18
A19: 14 | G19: =E19+F19 | K19: =I19+J19
A20: 15 | G20: =E20+F20 | K20: =I20+J20
... A25: 20 | G25: =E25+F25 | K25: =I25+J25
B26: 합 계 | E26: =SUM(E6:E25) | F26: =SUM(F6:F25) | G26: =E26+F26 | I26: =SUM(I6:I25) | J26: =SUM(J6:J25) | K26: =I26+J26 | L26: =G26+K26 | N26: =SUM(N6:N25)
I27: =E26+I26 | J27: =F26+J26 | L27: =K28/13
I28: ='5월12일'!I28+I27 | J28: ='5월12일'!J28+J27 | K28: ='5월12일'!K28+L26 | L28: ='5월12일'!L28+L26 | O28: ='5월12일'!O28+N26
I29: =I28/K28

Sheet 5월14일
A1: (05월) 일 일 매 출 일 지
K4: 2026-05-14(목)
A5: No | B5: 품 명 | E5: 카 드 | F5: 현 금 | G5: 합 계 | H5: 품 명 | I5: 카 드 | J5: 현 금 | K5: 합 계 | L5: 일 합 계 | N5: 마 진
A6: 1 | B6: 조거건빵바지,등상모자 | E6: 30000 | G6: =E6+F6 | H6: 앙말 | J6: 18000 | K6: =I6+J6
A7: 2 | B7: 김영주긴티 | E7: 35000 | G7: =E7+F7 | K7: =I7+J7
A8: 3 | G8: =E8+F8 | K8: =I8+J8
A9: 4 | G9: =E9+F9 | K9: =I9+J9
A10: 5 | G10: =E10+F10 | K10: =I10+J10
A11: 6 | G11: =E11+F11 | K11: =I11+J11
A12: 7 | G12: =E12+F12 | K12: =I12+J12
A13: 8 | G13: =E13+F13 | K13: =I13+J13
A14: 9 | G14: =E14+F14 | K14: =I14+J14
A15: 10 | G15: =E15+F15 | K15: =I15+J15
A16: 11 | G16: =E16+F16 | K16: =I16+J16
A17: 12 | G17: =E17+F17 | K17: =I17+J17
A18: 13 | G18: =E18+F18 | K18: =I18+J18
A19: 14 | G19: =E19+F19 | K19: =I19+J19
... A25: 20 | G25: =E25+F25 | K25: =I25+J25
B26: 합 계 | E26: =SUM(E6:E25) | F26: =SUM(F6:F25) | G26: =E26+F26 | I26: =SUM(I6:I25) | J26: =SUM(J6:J25) | K26: =I26+J26 | L26: =G26+K26 | N26: =SUM(N6:N25)
I27: =E26+I26 | J27: =F26+J26 | L27: =K28/14
I28: ='5월13일'!I28+I27 | J28: ='5월13일'!J28+J27 | K28: ='5월13일'!K28+L26 | L28: ='5월13일'!L28+L26 | O28: ='5월13일'!O28+N26
I29: =I28/K28

Sheet 5월15일
A1: (05월) 일 일 매 출 일 지
K4: 2026-05-15(금)
A5: No | B5: 품 명 | E5: 카 드 | F5: 현 금 | G5: 합 계 | H5: 품 명 | I5: 카 드 | J5: 현 금 | K5: 합 계 | L5: 일 합 계 | N5: 마 진
A6: 1 | B6: 몽피크 반바지 | E6: 35000 | G6: =E6+F6 | H6: 팬티,나이키반팔2 | I6: 60000 | K6: =I6+J6
A7: 2 | B7: 청바지,티,양말 | F7: 40000 | G7: =E7+F7 | H7: 양말,여티2 | I7: 45000 | K7: =I7+J7
A8: 3 | B8: 김영주티 | E8: 29000 | G8: =E8+F8 | H8: 스피릿트 점퍼 | I8: 39000 | K8: =I8+J8
A9: 4 | B9: 저 반팔2,기본바지1,김영주여티2남티2 | E9: 120000 | G9: =E9+F9 | H9: 반바지,조끼,바지2,여티 | J9: 140000 | K9: =I9+J9
A10: 5 | B10: 야크,김영주 자켓 5천3,바지2 | E10: 178000 | G10: =E10+F10 | H10: 양말,카고흑색 | I10: 20000 | K10: =I10+J10
A11: 6 | G11: =E11+F11 | K11: =I11+J11
A12: 7 | G12: =E12+F12 | K12: =I12+J12
A13: 8 | G13: =E13+F13 | K13: =I13+J13
A14: 9 | G14: =E14+F14 | K14: =I14+J14
A15: 10 | G15: =E15+F15 | K15: =I15+J15
A16: 11 | G16: =E16+F16 | K16: =I16+J16
A17: 12 | G17: =E17+F17 | K17: =I17+J17
A18: 13 | G18: =E18+F18 | K18: =I18+J18
A19: 14 | G19: =E19+F19 | K19: =I19+J19
A20: 15 | G20: =E20+F20 | K20: =I20+J20
A21: 16 | G21: =E21+F21 | K21: =I21+J21
A22: 17 | G22: =E22+F22 | K22: =I22+J22
... A25: 20 | G25: =E25+F25 | K25: =I25+J25
B26: 합 계 | E26: =SUM(E6:E25) | F26: =SUM(F6:F25) | G26: =E26+F26 | I26: =SUM(I6:I25) | J26: =SUM(J6:J25) | K26: =I26+J26 | L26: =G26+K26 | N26: =SUM(N6:N25)
I27: =E26+I26 | J27: =F26+J26 | L27: =K28/15
I28: ='5월14일'!I28+I27 | J28: ='5월14일'!J28+J27 | K28: ='5월14일'!K28+L26 | L28: ='5월14일'!L28+L26 | O28: ='5월14일'!O28+N26
I29: =I28/K28

Sheet 5월16일
A1: (05월) 일 일 매 출 일 지
K4: 2026-05-16(토)
A5: No | B5: 품 명 | E5: 카 드 | F5: 현 금 | G5: 합 계 | H5: 품 명 | I5: 카 드 | J5: 현 금 | K5: 합 계 | L5: 일 합 계 | N5: 마 진
A6: 1 | B6: 청바지 | E6: 20000 | G6: =E6+F6 | H6: 망사조끼2,토시5,청바지2 | I6: 60000 | K6: =I6+J6
A7: 2 | B7: 조거건빵바지2,라운드반팔티3,망사 조끼2,토시3,워머2 | E7: 105000 | G7: =E7+F7 | H7: JDX카라티,김영주티 | I7: 110000 | K7: =I7+J7
A8: 3 | B8: 김영주카라티2,빌트모아티,조끼 | E8: 150000 | G8: =E8+F8 | H8: 김영주바지,JDX조끼,워머,마스크 모자,장갑,김영주여티,이원재여티,색바랜청바지,김영주여바지 | J8: 234000 | K8: =I8+J8
A9: 4 | B9: JDX여바지,골프여바지,김영주여티,조르지오여티,김영주조끼,워머,색바랜청바지 | F9: 230000 | G9: =E9+F9 | H9: 망사조끼,남바지2,남티2 | I9: 90000 | K9: =I9+J9
A10: 5 | B10: 김영주바지,컬버바지,JDX티,데니 스티,김영주티2,토시3 | F10: 240000 | G10: =E10+F10 | H10: 브이넥2 | J10: 40000 | K10: =I10+J10
A11: 6 | B11: 김영주 브이조끼 | E11: 29000 | G11: =E11+F11 | K11: =I11+J11
A12: 7 | G12: =E12+F12 | K12: =I12+J12
A13: 8 | G13: =E13+F13 | K13: =I13+J13
A14: 9 | G14: =E14+F14 | K14: =I14+J14
A15: 10 | G15: =E15+F15 | K15: =I15+J15
A16: 11 | G16: =E16+F16 | K16: =I16+J16
A17: 12 | G17: =E17+F17 | K17: =I17+J17
A18: 13 | G18: =E18+F18 | K18: =I18+J18
A19: 14 | G19: =E19+F19 | K19: =I19+J19
A20: 15 | G20: =E20+F20 | K20: =I20+J20
A21: 16 | G21: =E21+F21 | K21: =I21+J21
A22: 17 | G22: =E22+F22 | K22: =I22+J22
A23: 18 | G23: =E23+F23 | K23: =I23+J23
... A25: 20 | G25: =E25+F25 | K25: =I25+J25
B26: 합 계 | E26: =SUM(E6:E25) | F26: =SUM(F6:F25) | G26: =E26+F26 | I26: =SUM(I6:I25) | J26: =SUM(J6:J25) | K26: =I26+J26 | L26: =G26+K26 | N26: =SUM(N6:N25)
I27: =E26+I26 | J27: =F26+J26 | L27: =K28/16
I28: ='5월15일'!I28+I27 | J28: ='5월15일'!J28+J27 | K28: ='5월15일'!K28+L26 | L28: ='5월15일'!L28+L26 | O28: ='5월15일'!O28+N26
I29: =I28/K28

Sheet 5월17일
A1: (05월) 일 일 매 출 일 지
K4: 2026-05-17(일)
A5: No | B5: 품 명 | E5: 카 드 | F5: 현 금 | G5: 합 계 | H5: 품 명 | I5: 카 드 | J5: 현 금 | K5: 합 계 | L5: 일 합 계 | N5: 마 진
A6: 1 | B6: 건빵조거,망사조끼 | E6: 20000 | G6: =E6+F6 | H6: 김영주 바람막이 | J6: 50000 | K6: =I6+J6
A7: 2 | B7: 김영주조끼,양말 | E7: 49000 | G7: =E7+F7 | H7: 워머2,반바지 | I7: 30000 | K7: =I7+J7
A8: 3 | B8: 가죽벨트,이너웨어 | E8: 40000 | G8: =E8+F8 | H8: 색바랜바람막이 | J8: 10000 | K8: =I8+J8
A9: 4 | B9: 츄리닝바지,이원재티,남티 | E9: 60000 | G9: =E9+F9 | H9: 남바지2 | I9: 30000 | K9: =I9+J9
A10: 5 | B10: 김영주여티2,몽크로스남티,남바지 남티 | E10: 120000 | F10: 10000 | G10: =E10+F10 | H10: 여 이너웨어2 | J10: 35000 | K10: =I10+J10
A11: 6 | B11: 반바지2,나이키라운드티 | E11: 95000 | G11: =E11+F11 | K11: =I11+J11
A12: 7 | G12: =E12+F12 | K12: =I12+J12
A13: 8 | G13: =E13+F13 | K13: =I13+J13
A14: 9 | G14: =E14+F14 | K14: =I14+J14
A15: 10 | G15: =E15+F15 | K15: =I15+J15
A16: 11 | G16: =E16+F16 | K16: =I16+J16
A17: 12 | G17: =E17+F17 | K17: =I17+J17
A18: 13 | G18: =E18+F18 | K18: =I18+J18
A19: 14 | G19: =E19+F19 | K19: =I19+J19
A20: 15 | G20: =E20+F20 | K20: =I20+J20
A21: 16 | G21: =E21+F21 | K21: =I21+J21
A22: 17 | G22: =E22+F22 | K22: =I22+J22
A23: 18 | G23: =E23+F23 | K23: =I23+J23
... A25: 20 | G25: =E25+F25 | K25: =I25+J25
B26: 합 계 | E26: =SUM(E6:E25) | F26: =SUM(F6:F25) | G26: =E26+F26 | I26: =SUM(I6:I25) | J26: =SUM(J6:J25) | K26: =I26+J26 | L26: =G26+K26 | N26: =SUM(N6:N25)
I27: =E26+I26 | J27: =F26+J26 | L27: =K28/17
I28: ='5월16일'!I28+I27 | J28: ='5월16일'!J28+J27 | K28: ='5월16일'!K28+L26 | L28: ='5월16일'!L28+L26 | O28: ='5월16일'!O28+N26
I29: =I28/K28

Sheet 5월18일
A1: (05월) 일 일 매 출 일 지
K4: 2026-05-18(월)
A5: No | B5: 품 명 | E5: 카 드 | F5: 현 금 | G5: 합 계 | H5: 품 명 | I5: 카 드 | J5: 현 금 | K5: 합 계 | L5: 일 합 계 | N5: 마 진
A6: 1 | B6: JDX카라티 | E6: 55000 | G6: =E6+F6 | H6: 김영주브이넥조끼 | J6: 29000 | K6: =I6+J6
A7: 2 | B7: 김영주여조끼,김영주남티 | F7: 60000 | G7: =E7+F7 | H7: 라운드티2,모자,몸빼 | I7: 35000 | K7: =I7+J7
A8: 3 | B8: 김영주바지,가죽벨트(열린공간) | F8: 50000 | G8: =E8+F8 | H8: JDX골프조끼,김영주조끼 | I8: 80000 | K8: =I8+J8
A9: 4 | G9: =E9+F9 | K9: =I9+J9
A10: 5 | G10: =E10+F10 | K10: =I10+J10
A11: 6 | G11: =E11+F11 | K11: =I11+J11
A12: 7 | G12: =E12+F12 | K12: =I12+J12
A13: 8 | G13: =E13+F13 | K13: =I13+J13
A14: 9 | G14: =E14+F14 | K14: =I14+J14
A15: 10 | G15: =E15+F15 | K15: =I15+J15
A16: 11 | G16: =E16+F16 | K16: =I16+J16
A17: 12 | G17: =E17+F17 | K17: =I17+J17
A18: 13 | G18: =E18+F18 | K18: =I18+J18
A19: 14 | G19: =E19+F19 | K19: =I19+J19
A20: 15 | G20: =E20+F20 | K20: =I20+J20
... A25: 20 | G25: =E25+F25 | K25: =I25+J25
B26: 합 계 | E26: =SUM(E6:E25) | F26: =SUM(F6:F25) | G26: =E26+F26 | I26: =SUM(I6:I25) | J26: =SUM(J6:J25) | K26: =I26+J26 | L26: =G26+K26 | N26: =SUM(N6:N25)
I27: =E26+I26 | J27: =F26+J26 | L27: =K28/18
I28: ='5월17일'!I28+I27 | J28: ='5월17일'!J28+J27 | K28: ='5월17일'!K28+L26 | L28: ='5월17일'!L28+L26 | O28: ='5월17일'!O28+N26
I29: =I28/K28

Sheet 5월19일
A1: (05월) 일 일 매 출 일 지
K4: 2026-05-19(화)
A5: No | B5: 품 명 | E5: 카 드 | F5: 현 금 | G5: 합 계 | H5: 품 명 | I5: 카 드 | J5: 현 금 | K5: 합 계 | L5: 일 합 계 | N5: 마 진
A6: 1 | B6: 기본바지 | F6: 26000 | G6: =E6+F6 | H6: 바지 | I6: 10000 | J6: 5000 | K6: =I6+J6
A7: 2 | B7: 바지 | E7: 15000 | G7: =E7+F7 | H7: 츄리닝2 | I7: 28000 | K7: =I7+J7
A8: 3 | B8: 몸빼2,츄리닝 | E8: 25000 | G8: =E8+F8 | K8: =I8+J8
A9: 4 | G9: =E9+F9 | K9: =I9+J9
A10: 5 | G10: =E10+F10 | K10: =I10+J10
A11: 6 | G11: =E11+F11 | K11: =I11+J11
A12: 7 | G12: =E12+F12 | K12: =I12+J12
A13: 8 | G13: =E13+F13 | K13: =I13+J13
A14: 9 | G14: =E14+F14 | K14: =I14+J14
A15: 10 | G15: =E15+F15 | K15: =I15+J15
A16: 11 | G16: =E16+F16 | K16: =I16+J16
A17: 12 | G17: =E17+F17 | K17: =I17+J17
A18: 13 | G18: =E18+F18 | K18: =I18+J18
A19: 14 | G19: =E19+F19 | K19: =I19+J19
A20: 15 | G20: =E20+F20 | K20: =I20+J20
... A25: 20 | G25: =E25+F25 | K25: =I25+J25
B26: 합 계 | E26: =SUM(E6:E25) | F26: =SUM(F6:F25) | G26: =E26+F26 | I26: =SUM(I6:I25) | J26: =SUM(J6:J25) | K26: =I26+J26 | L26: =G26+K26 | N26: =SUM(N6:N25)
I27: =E26+I26 | J27: =F26+J26 | L27: =K28/19
I28: ='5월18일'!I28+I27 | J28: ='5월18일'!J28+J27 | K28: ='5월18일'!K28+L26 | L28: ='5월18일'!L28+L26 | O28: ='5월18일'!O28+N26
I29: =I28/K28

Sheet 5월20일
A1: (05월) 일 일 매 출 일 지
K4: 2026-05-20(수)
A5: No | B5: 품 명 | E5: 카 드 | F5: 현 금 | G5: 합 계 | H5: 품 명 | I5: 카 드 | J5: 현 금 | K5: 합 계 | L5: 일 합 계 | N5: 마 진
A6: 1 | B6: 아이더티,야크티,디즈니바지 | E6: 175000 | G6: =E6+F6 | H6: 여이너웨어3,이원재여티 | I6: 80000 | K6: =I6+J6
A7: 2 | B7: 몸빼2 | E7: 10000 | G7: =E7+F7 | K7: =I7+J7
A8: 3 | G8: =E8+F8 | K8: =I8+J8
A9: 4 | G9: =E9+F9 | K9: =I9+J9
A10: 5 | G10: =E10+F10 | K10: =I10+J10
A11: 6 | G11: =E11+F11 | K11: =I11+J11
A12: 7 | G12: =E12+F12 | K12: =I12+J12
A13: 8 | G13: =E13+F13 | K13: =I13+J13
A14: 9 | G14: =E14+F14 | K14: =I14+J14
A15: 10 | G15: =E15+F15 | K15: =I15+J15
A16: 11 | G16: =E16+F16 | K16: =I16+J16
A17: 12 | G17: =E17+F17 | K17: =I17+J17
A18: 13 | G18: =E18+F18 | K18: =I18+J18
A19: 14 | G19: =E19+F19 | K19: =I19+J19
... A25: 20 | G25: =E25+F25 | K25: =I25+J25
B26: 합 계 | E26: =SUM(E6:E25) | F26: =SUM(F6:F25) | G26: =E26+F26 | I26: =SUM(I6:I25) | J26: =SUM(J6:J25) | K26: =I26+J26 | L26: =G26+K26 | N26: =SUM(N6:N25)
I27: =E26+I26 | J27: =F26+J26 | L27: =K28/20
I28: ='5월19일'!I28+I27 | J28: ='5월19일'!J28+J27 | K28: ='5월19일'!K28+L26 | L28: ='5월19일'!L28+L26 | O28: ='5월19일'!O28+N26
I29: =I28/K28

Sheet 5월21일
A1: (05월) 일 일 매 출 일 지
K4: 2026-05-21(목)
A5: No | B5: 품 명 | E5: 카 드 | F5: 현 금 | G5: 합 계 | H5: 품 명 | I5: 카 드 | J5: 현 금 | K5: 합 계 | L5: 일 합 계 | N5: 마 진
A6: 1 | B6: JDX카라티,인디안남방 | E6: 100000 | G6: =E6+F6 | H6: 남반팔 | J6: 10000 | K6: =I6+J6
A7: 2 | B7: 조거건빵 | E7: 18000 | G7: =E7+F7 | H7: 워머2 | I7: 20000 | K7: =I7+J7
A8: 3 | B8: 데니스여티,아놀드여긴티 | E8: 70000 | G8: =E8+F8 | H8: 김영주긴티,조르지오긴티,남티2 모자,JDX여바람막이 | I8: 160000 | K8: =I8+J8
A9: 4 | B9: 트렁크팬티 | F9: 15000 | G9: =E9+F9 | H9: 김영주긴티,남카라티 | I9: 40000 | K9: =I9+J9
A10: 5 | G10: =E10+F10 | K10: =I10+J10
A11: 6 | G11: =E11+F11 | K11: =I11+J11
A12: 7 | G12: =E12+F12 | K12: =I12+J12
A13: 8 | G13: =E13+F13 | K13: =I13+J13
A14: 9 | G14: =E14+F14 | K14: =I14+J14
A15: 10 | G15: =E15+F15 | K15: =I15+J15
A16: 11 | G16: =E16+F16 | K16: =I16+J16
A17: 12 | G17: =E17+F17 | K17: =I17+J17
A18: 13 | G18: =E18+F18 | K18: =I18+J18
A19: 14 | G19: =E19+F19 | K19: =I19+J19
A20: 15 | G20: =E20+F20 | K20: =I20+J20
A21: 16 | G21: =E21+F21 | K21: =I21+J21
... A25: 20 | G25: =E25+F25 | K25: =I25+J25
B26: 합 계 | E26: =SUM(E6:E25) | F26: =SUM(F6:F25) | G26: =E26+F26 | I26: =SUM(I6:I25) | J26: =SUM(J6:J25) | K26: =I26+J26 | L26: =G26+K26 | N26: =SUM(N6:N25)
I27: =E26+I26 | J27: =F26+J26 | L27: =K28/21
I28: ='5월20일'!I28+I27 | J28: ='5월20일'!J28+J27 | K28: ='5월20일'!K28+L26 | L28: ='5월20일'!L28+L26 | O28: ='5월20일'!O28+N26
I29: =I28/K28

Sheet 5월22일
A1: (05월) 일 일 매 출 일 지
K4: 2026-05-22(금)
A5: No | B5: 품 명 | E5: 카 드 | F5: 현 금 | G5: 합 계 | H5: 품 명 | I5: 카 드 | J5: 현 금 | K5: 합 계 | L5: 일 합 계 | N5: 마 진
A6: 1 | B6: 남티 | F6: 10000 | G6: =E6+F6 | H6: 김영주남긴티3,몽크로스여티 | I6: 110000 | K6: =I6+J6
A7: 2 | B7: 김영주바람막이,모자,슬레진져조끼 남반팔티2 | E7: 110000 | G7: =E7+F7 | H7: 김영주여티 | I7: 39000 | K7: =I7+J7
A8: 3 | B8: 청바지 | E8: 20000 | G8: =E8+F8 | H8: 건빵조거바지 | I8: 20000 | K8: =I8+J8
A9: 4 | B9: 망사조끼8,남티3 | E9: 110000 | G9: =E9+F9 | H9: 브이넥2,이원재이너웨어2 | I9: 80000 | K9: =I9+J9
A10: 5 | G10: =E10+F10 | K10: =I10+J10
A11: 6 | G11: =E11+F11 | K11: =I11+J11
A12: 7 | G12: =E12+F12 | K12: =I12+J12
A13: 8 | G13: =E13+F13 | K13: =I13+J13
A14: 9 | G14: =E14+F14 | K14: =I14+J14
A15: 10 | G15: =E15+F15 | K15: =I15+J15
A16: 11 | G16: =E16+F16 | K16: =I16+J16
A17: 12 | G17: =E17+F17 | K17: =I17+J17
A18: 13 | G18: =E18+F18 | K18: =I18+J18
A19: 14 | G19: =E19+F19 | K19: =I19+J19
A20: 15 | G20: =E20+F20 | K20: =I20+J20
A21: 16 | G21: =E21+F21 | K21: =I21+J21
... A25: 20 | G25: =E25+F25 | K25: =I25+J25
B26: 합 계 | E26: =SUM(E6:E25) | F26: =SUM(F6:F25) | G26: =E26+F26 | I26: =SUM(I6:I25) | J26: =SUM(J6:J25) | K26: =I26+J26 | L26: =G26+K26 | N26: =SUM(N6:N25)
I27: =E26+I26 | J27: =F26+J26 | L27: =K28/22
I28: ='5월21일'!I28+I27 | J28: ='5월21일'!J28+J27 | K28: ='5월21일'!K28+L26 | L28: ='5월21일'!L28+L26 | O28: ='5월21일'!O28+N26
I29: =I28/K28

Sheet 5월23일
A1: (05월) 일 일 매 출 일 지
K4: 2026-05-23(토)
A5: No | B5: 품 명 | E5: 카 드 | F5: 현 금 | G5: 합 계 | H5: 품 명 | I5: 카 드 | J5: 현 금 | K5: 합 계 | L5: 일 합 계 | N5: 마 진
A6: 1 | B6: 라운드티 | F6: 10000 | G6: =E6+F6 | H6: 남긴티2,몸빼,조끼 | I6: 60000 | K6: =I6+J6
A7: 2 | B7: 양말,망사조끼,반바지 | E7: 30000 | G7: =E7+F7 | H7: 네쇼널티,김영주카라티,남티2 | I7: 80000 | K7: =I7+J7
A8: 3 | G8: =E8+F8 | K8: =I8+J8
A9: 4 | G9: =E9+F9 | K9: =I9+J9
A10: 5 | G10: =E10+F10 | K10: =I10+J10
A11: 6 | G11: =E11+F11 | K11: =I11+J11
A12: 7 | G12: =E12+F12 | K12: =I12+J12
A13: 8 | G13: =E13+F13 | K13: =I13+J13
A14: 9 | G14: =E14+F14 | K14: =I14+J14
A15: 10 | G15: =E15+F15 | K15: =I15+J15
A16: 11 | G16: =E16+F16 | K16: =I16+J16
A17: 12 | G17: =E17+F17 | K17: =I17+J17
A18: 13 | G18: =E18+F18 | K18: =I18+J18
A19: 14 | G19: =E19+F19 | K19: =I19+J19
... A25: 20 | G25: =E25+F25 | K25: =I25+J25
B26: 합 계 | E26: =SUM(E6:E25) | F26: =SUM(F6:F25) | G26: =E26+F26 | I26: =SUM(I6:I25) | J26: =SUM(J6:J25) | K26: =I26+J26 | L26: =G26+K26 | N26: =SUM(N6:N25)
I27: =E26+I26 | J27: =F26+J26 | L27: =K28/23
I28: ='5월22일'!I28+I27 | J28: ='5월22일'!J28+J27 | K28: ='5월22일'!K28+L26 | L28: ='5월22일'!L28+L26 | O28: ='5월22일'!O28+N26
I29: =I28/K28

Sheet 5월24일
A1: (05월) 일 일 매 출 일 지
K4: 2026-05-24(일)
A5: No | B5: 품 명 | E5: 카 드 | F5: 현 금 | G5: 합 계 | H5: 품 명 | I5: 카 드 | J5: 현 금 | K5: 합 계 | L5: 일 합 계 | N5: 마 진
A6: 1 | B6: 여 라운드티2 | E6: 30000 | G6: =E6+F6 | H6: 츄리닝세트,7부반바지,JDX카라티 김영주여티2 | I6: 195000 | J6: 60000 | K6: =I6+J6
A7: 2 | B7: 청남방 | E7: 20000 | G7: =E7+F7 | H7: 조거건빵고무줄바지,냉츄리닝2,색바랜청바지 | I7: 60000 | K7: =I7+J7
A8: 3 | B8: 조르지오반팔티,네쇼널라운드티,조르지오긴티,JDX반팔/긴팔,김영주고무줄반바지 | F8: 250000 | G8: =E8+F8 | H8: 김영주바람막이,모자 | J8: 65000 | K8: =I8+J8
A9: 4 | B9: 가죽벨트,브이넥,라운드긴티2,남바 지2,바지 | E9: 115000 | G9: =E9+F9 | H9: 클랙잭티.조르지오카라티 | I9: 50000 | K9: =I9+J9
A10: 5 | G10: =E10+F10 | K10: =I10+J10
A11: 6 | G11: =E11+F11 | K11: =I11+J11
A12: 7 | G12: =E12+F12 | K12: =I12+J12
A13: 8 | G13: =E13+F13 | K13: =I13+J13
A14: 9 | G14: =E14+F14 | K14: =I14+J14
A15: 10 | G15: =E15+F15 | K15: =I15+J15
A16: 11 | G16: =E16+F16 | K16: =I16+J16
A17: 12 | G17: =E17+F17 | K17: =I17+J17
A18: 13 | G18: =E18+F18 | K18: =I18+J18
A19: 14 | G19: =E19+F19 | K19: =I19+J19
A20: 15 | G20: =E20+F20 | K20: =I20+J20
A21: 16 | G21: =E21+F21 | K21: =I21+J21
... A25: 20 | G25: =E25+F25 | K25: =I25+J25
B26: 합 계 | E26: =SUM(E6:E25) | F26: =SUM(F6:F25) | G26: =E26+F26 | I26: =SUM(I6:I25) | J26: =SUM(J6:J25) | K26: =I26+J26 | L26: =G26+K26 | N26: =SUM(N6:N25)
I27: =E26+I26 | J27: =F26+J26 | L27: =K28/24
I28: ='5월23일'!I28+I27 | J28: ='5월23일'!J28+J27 | K28: ='5월23일'!K28+L26 | L28: ='5월23일'!L28+L26 | O28: ='5월23일'!O28+N26
I29: =I28/K28

Sheet 5월25일
A1: (05월) 일 일 매 출 일 지
K4: 2026-05-25(월)
A5: No | B5: 품 명 | E5: 카 드 | F5: 현 금 | G5: 합 계 | H5: 품 명 | I5: 카 드 | J5: 현 금 | K5: 합 계 | L5: 일 합 계 | N5: 마 진
A6: 1 | B6: 남티2,팬티,런닝2 | F6: 58000 | G6: =E6+F6 | H6: 조르지오티,몽크로스티,청바지 | I6: 90000 | K6: =I6+J6
A7: 2 | G7: =E7+F7 | K7: =I7+J7
A8: 3 | G8: =E8+F8 | K8: =I8+J8
A9: 4 | G9: =E9+F9 | K9: =I9+J9
A10: 5 | G10: =E10+F10 | K10: =I10+J10
A11: 6 | G11: =E11+F11 | K11: =I11+J11
A12: 7 | G12: =E12+F12 | K12: =I12+J12
A13: 8 | G13: =E13+F13 | K13: =I13+J13
A14: 9 | G14: =E14+F14 | K14: =I14+J14
A15: 10 | G15: =E15+F15 | K15: =I15+J15
A16: 11 | G16: =E16+F16 | K16: =I16+J16
A17: 12 | G17: =E17+F17 | K17: =I17+J17
A18: 13 | G18: =E18+F18 | K18: =I18+J18
... A25: 20 | G25: =E25+F25 | K25: =I25+J25
B26: 합 계 | E26: =SUM(E6:E25) | F26: =SUM(F6:F25) | G26: =E26+F26 | I26: =SUM(I6:I25) | J26: =SUM(J6:J25) | K26: =I26+J26 | L26: =G26+K26 | N26: =SUM(N6:N25)
I27: =E26+I26 | J27: =F26+J26 | L27: =K28/25
I28: ='5월24일'!I28+I27 | J28: ='5월24일'!J28+J27 | K28: ='5월24일'!K28+L26 | L28: ='5월24일'!L28+L26 | O28: ='5월24일'!O28+N26
I29: =I28/K28

Sheet 5월26일
A1: (05월) 일 일 매 출 일 지
K4: 2026-05-26(화)
A5: No | B5: 품 명 | E5: 카 드 | F5: 현 금 | G5: 합 계 | H5: 품 명 | I5: 카 드 | J5: 현 금 | K5: 합 계 | L5: 일 합 계 | N5: 마 진
A6: 1 | B6: 색바랜청바지 | E6: 10000 | G6: =E6+F6 | H6: 모자,워머2 | I6: 30000 | K6: =I6+J6
A7: 2 | B7: 몽크로스긴티.반장갑2 | E7: 50000 | G7: =E7+F7 | H7: 가죽벨트,벨트,양말5 | I7: 32000 | K7: =I7+J7
A8: 3 | B8: 조끼 | E8: 39000 | G8: =E8+F8 | K8: =I8+J8
A9: 4 | G9: =E9+F9 | K9: =I9+J9
A10: 5 | G10: =E10+F10 | K10: =I10+J10
A11: 6 | G11: =E11+F11 | K11: =I11+J11
A12: 7 | G12: =E12+F12 | K12: =I12+J12
A13: 8 | G13: =E13+F13 | K13: =I13+J13
A14: 9 | G14: =E14+F14 | K14: =I14+J14
A15: 10 | G15: =E15+F15 | K15: =I15+J15
A16: 11 | G16: =E16+F16 | K16: =I16+J16
A17: 12 | G17: =E17+F17 | K17: =I17+J17
A18: 13 | G18: =E18+F18 | K18: =I18+J18
A19: 14 | G19: =E19+F19 | K19: =I19+J19
A20: 15 | G20: =E20+F20 | K20: =I20+J20
... A25: 20 | G25: =E25+F25 | K25: =I25+J25
B26: 합 계 | E26: =SUM(E6:E25) | F26: =SUM(F6:F25) | G26: =E26+F26 | I26: =SUM(I6:I25) | J26: =SUM(J6:J25) | K26: =I26+J26 | L26: =G26+K26 | N26: =SUM(N6:N25)
I27: =E26+I26 | J27: =F26+J26 | L27: =K28/26
I28: ='5월25일'!I28+I27 | J28: ='5월25일'!J28+J27 | K28: ='5월25일'!K28+L26 | L28: ='5월25일'!L28+L26 | O28: ='5월25일'!O28+N26
I29: =I28/K28

Sheet 5월27일
A1: (05월) 일 일 매 출 일 지
K4: 2026-05-27(수)
A5: No | B5: 품 명 | E5: 카 드 | F5: 현 금 | G5: 합 계 | H5: 품 명 | I5: 카 드 | J5: 현 금 | K5: 합 계 | L5: 일 합 계 | N5: 마 진
A6: 1 | B6: 김영주여긴티,이원재여반팔티,조르지오여반팔티 | E6: 100000 | F6: 15000 | G6: =E6+F6 | H6: 벨트,바지 | I6: 25000 | K6: =I6+J6
A7: 2 | B7: 라운드티2 | F7: 20000 | G7: =E7+F7 | H7: 반팔티2 | I7: 20000 | K7: =I7+J7
A8: 3 | B8: 라운드티,색바랜바람막이 | E8: 20000 | G8: =E8+F8 | K8: =I8+J8
A9: 4 | G9: =E9+F9 | K9: =I9+J9
A10: 5 | G10: =E10+F10 | K10: =I10+J10
A11: 6 | G11: =E11+F11 | K11: =I11+J11
A12: 7 | G12: =E12+F12 | K12: =I12+J12
A13: 8 | G13: =E13+F13 | K13: =I13+J13
A14: 9 | G14: =E14+F14 | K14: =I14+J14
A15: 10 | G15: =E15+F15 | K15: =I15+J15
A16: 11 | G16: =E16+F16 | K16: =I16+J16
A17: 12 | G17: =E17+F17 | K17: =I17+J17
A18: 13 | G18: =E18+F18 | K18: =I18+J18
A19: 14 | G19: =E19+F19 | K19: =I19+J19
A20: 15 | G20: =E20+F20 | K20: =I20+J20
... A25: 20 | G25: =E25+F25 | K25: =I25+J25
B26: 합 계 | E26: =SUM(E6:E25) | F26: =SUM(F6:F25) | G26: =E26+F26 | I26: =SUM(I6:I25) | J26: =SUM(J6:J25) | K26: =I26+J26 | L26: =G26+K26 | N26: =SUM(N6:N25)
I27: =E26+I26 | J27: =F26+J26 | L27: =K28/27
I28: ='5월26일'!I28+I27 | J28: ='5월26일'!J28+J27 | K28: ='5월26일'!K28+L26 | L28: ='5월26일'!L28+L26 | O28: ='5월26일'!O28+N26
I29: =I28/K28

Sheet 5월28일
A1: (05월) 일 일 매 출 일 지
K4: 2026-05-28(목)
A5: No | B5: 품 명 | E5: 카 드 | F5: 현 금 | G5: 합 계 | H5: 품 명 | I5: 카 드 | J5: 현 금 | K5: 합 계 | L5: 일 합 계 | N5: 마 진
A6: 1 | B6: 반바지,쟌티2,에코카라티 | E6: 100000 | G6: =E6+F6 | H6: 여라운드티2,여통바지2,김영주여티 | I6: 110000 | K6: =I6+J6
A7: 2 | B7: 여이너웨어 | E7: 20000 | G7: =E7+F7 | H7: 망사조끼,몸빼,냉장고바지 | J7: 33000 | K7: =I7+J7
A8: 3 | B8: 이원재 이너웨어 | F8: 20000 | G8: =E8+F8 | H8: 남카고바지2,라운드티2 | I8: 66000 | K8: =I8+J8
A9: 4 | B9: 남바지2 | E9: 30000 | G9: =E9+F9 | H9: 남팬티,야크티,남티 | I9: 90000 | K9: =I9+J9
A10: 5 | B10: 거미반바지,여브이넥,여바지,벨트2 | E10: 75000 | G10: =E10+F10 | K10: =I10+J10
A11: 6 | G11: =E11+F11 | K11: =I11+J11
A12: 7 | G12: =E12+F12 | K12: =I12+J12
A13: 8 | G13: =E13+F13 | K13: =I13+J13
A14: 9 | G14: =E14+F14 | K14: =I14+J14
A15: 10 | G15: =E15+F15 | K15: =I15+J15
A16: 11 | G16: =E16+F16 | K16: =I16+J16
A17: 12 | G17: =E17+F17 | K17: =I17+J17
A18: 13 | G18: =E18+F18 | K18: =I18+J18
A19: 14 | G19: =E19+F19 | K19: =I19+J19
A20: 15 | G20: =E20+F20 | K20: =I20+J20
A21: 16 | G21: =E21+F21 | K21: =I21+J21
A22: 17 | G22: =E22+F22 | K22: =I22+J22
... A25: 20 | G25: =E25+F25 | K25: =I25+J25
B26: 합 계 | E26: =SUM(E6:E25) | F26: =SUM(F6:F25) | G26: =E26+F26 | I26: =SUM(I6:I25) | J26: =SUM(J6:J25) | K26: =I26+J26 | L26: =G26+K26 | N26: =SUM(N6:N25)
I27: =E26+I26 | J27: =F26+J26 | L27: =K28/28
I28: ='5월27일'!I28+I27 | J28: ='5월27일'!J28+J27 | K28: ='5월27일'!K28+L26 | L28: ='5월27일'!L28+L26 | O28: ='5월27일'!O28+N26
I29: =I28/K28

Sheet 5월29일
A1: (05월) 일 일 매 출 일 지
K4: 2026-05-29(금)
A5: No | B5: 품 명 | E5: 카 드 | F5: 현 금 | G5: 합 계 | H5: 품 명 | I5: 카 드 | J5: 현 금 | K5: 합 계 | L5: 일 합 계 | N5: 마 진
A6: 1 | B6: 에코조거건빵바지,라운드긴티2 | E6: 60000 | G6: =E6+F6 | H6: 김영주바지 | I6: 39000 | K6: =I6+J6
A7: 2 | G7: =E7+F7 | K7: =I7+J7
A8: 3 | G8: =E8+F8 | K8: =I8+J8
A9: 4 | G9: =E9+F9 | K9: =I9+J9
A10: 5 | G10: =E10+F10 | K10: =I10+J10
A11: 6 | G11: =E11+F11 | K11: =I11+J11
A12: 7 | G12: =E12+F12 | K12: =I12+J12
A13: 8 | G13: =E13+F13 | K13: =I13+J13
A14: 9 | G14: =E14+F14 | K14: =I14+J14
A15: 10 | G15: =E15+F15 | K15: =I15+J15
A16: 11 | G16: =E16+F16 | K16: =I16+J16
A17: 12 | G17: =E17+F17 | K17: =I17+J17
A18: 13 | G18: =E18+F18 | K18: =I18+J18
... A25: 20 | G25: =E25+F25 | K25: =I25+J25
B26: 합 계 | E26: =SUM(E6:E25) | F26: =SUM(F6:F25) | G26: =E26+F26 | I26: =SUM(I6:I25) | J26: =SUM(J6:J25) | K26: =I26+J26 | L26: =G26+K26 | N26: =SUM(N6:N25)
I27: =E26+I26 | J27: =F26+J26 | L27: =K28/29
I28: ='5월28일'!I28+I27 | J28: ='5월28일'!J28+J27 | K28: ='5월28일'!K28+L26 | L28: ='5월28일'!L28+L26 | O28: ='5월28일'!O28+N26
I29: =I28/K28

Sheet 5월30일
A1: (05월) 일 일 매 출 일 지
K4: 2026-05-30(토)
A5: No | B5: 품 명 | E5: 카 드 | F5: 현 금 | G5: 합 계 | H5: 품 명 | I5: 카 드 | J5: 현 금 | K5: 합 계 | L5: 일 합 계 | N5: 마 진
A6: 1 | B6: 반팔2,긴팔2,조거바지 | E6: 65000 | G6: =E6+F6 | H6: 벨트2,에버뉴 반바지 | I6: 54000 | K6: =I6+J6
A7: 2 | B7: v넥 반팔 | E7: 20000 | G7: =E7+F7 | K7: =I7+J7
A8: 3 | G8: =E8+F8 | K8: =I8+J8
A9: 4 | G9: =E9+F9 | K9: =I9+J9
A10: 5 | G10: =E10+F10 | K10: =I10+J10
A11: 6 | G11: =E11+F11 | K11: =I11+J11
A12: 7 | G12: =E12+F12 | K12: =I12+J12
A13: 8 | G13: =E13+F13 | K13: =I13+J13
A14: 9 | G14: =E14+F14 | K14: =I14+J14
A15: 10 | G15: =E15+F15 | K15: =I15+J15
A16: 11 | G16: =E16+F16 | K16: =I16+J16
A17: 12 | G17: =E17+F17 | K17: =I17+J17
A18: 13 | G18: =E18+F18 | K18: =I18+J18
A19: 14 | G19: =E19+F19 | K19: =I19+J19
... A25: 20 | G25: =E25+F25 | K25: =I25+J25
B26: 합 계 | E26: =SUM(E6:E25) | F26: =SUM(F6:F25) | G26: =E26+F26 | I26: =SUM(I6:I25) | J26: =SUM(J6:J25) | K26: =I26+J26 | L26: =G26+K26 | N26: =SUM(N6:N25)
I27: =E26+I26 | J27: =F26+J26 | L27: =K28/30
I28: ='5월29일'!I28+I27 | J28: ='5월29일'!J28+J27 | K28: ='5월29일'!K28+L26 | L28: ='5월29일'!L28+L26 | O28: ='5월29일'!O28+N26
I29: =I28/K28

Sheet 5월31일
A1: (05월) 일 일 매 출 일 지
K4: 2026-05-31(일)
A5: No | B5: 품 명 | E5: 카 드 | F5: 현 금 | G5: 합 계 | H5: 품 명 | I5: 카 드 | J5: 현 금 | K5: 합 계 | L5: 일 합 계 | N5: 마 진
A6: 1 | B6: 베낭,라운드티2,이원재조거바지 드로즈팬티2,모자2 | E6: 109000 | G6: =E6+F6 | H6: 남청바지 | I6: 20000 | K6: =I6+J6
A7: 2 | B7: 남바지2 | E7: 30000 | G7: =E7+F7 | H7: 남바지2 | J7: 30000 | K7: =I7+J7
A8: 3 | B8: 토시2 | F8: 10000 | G8: =E8+F8 | H8: 모자 | J8: 10000 | K8: =I8+J8
A9: 4 | B9: 남방 | F9: 5000 | G9: =E9+F9 | H9: 조르지오티,김영주카라티,쟌바지 | I9: 100000 | K9: =I9+J9
A10: 5 | B10: 교환차액(JDX/김영주티,바지) | E10: 5000 | G10: =E10+F10 | H10: 김영주카라긴티 | J10: 25000 | K10: =I10+J10
A11: 6 | B11: 청바지 | E11: 20000 | G11: =E11+F11 | H11: 김영주조끼,반팔 | I11: 75000 | K11: =I11+J11
A12: 7 | B12: 김영주바람막이,조르지오티 | E12: 80000 | G12: =E12+F12 | H12: 냉감티2 | I12: 40000 | K12: =I12+J12
A13: 8 | B13: 이원재조거,라운드긴티 | E13: 25000 | G13: =E13+F13 | K13: =I13+J13
A14: 9 | G14: =E14+F14 | K14: =I14+J14
A15: 10 | G15: =E15+F15 | K15: =I15+J15
A16: 11 | G16: =E16+F16 | K16: =I16+J16
A17: 12 | G17: =E17+F17 | K17: =I17+J17
A18: 13 | G18: =E18+F18 | K18: =I18+J18
A19: 14 | G19: =E19+F19 | K19: =I19+J19
A20: 15 | G20: =E20+F20 | K20: =I20+J20
A21: 16 | G21: =E21+F21 | K21: =I21+J21
A22: 17 | G22: =E22+F22 | K22: =I22+J22
A23: 18 | G23: =E23+F23 | K23: =I23+J23
A24: 19 | G24: =E24+F24 | K24: =I24+J24
A25: 20 | G25: =E25+F25 | K25: =I25+J25
B26: 합 계 | E26: =SUM(E6:E25) | F26: =SUM(F6:F25) | G26: =E26+F26 | I26: =SUM(I6:I25) | J26: =SUM(J6:J25) | K26: =I26+J26 | L26: =G26+K26 | N26: =SUM(N6:N25)
I27: =E26+I26 | J27: =F26+J26 | L27: =K28/31
I28: ='5월30일'!I28+I27 | J28: ='5월30일'!J28+J27 | K28: ='5월30일'!K28+L26 | L28: ='5월30일'!L28+L26 | O28: ='5월30일'!O28+N26
I29: =I28/K28
